x_right,z_right,x_left,z_left
571.1573486328125,-137.99908447265622,569.9274291992186,-152.59077453613278
576.0252665133894,-138.02368126450307,574.9679257360034,-152.73929806030594
580.8923290300132,-138.11778426006217,580.0089967394678,-152.86908842080376
585.7577457180606,-138.2768890541065,585.0501077912496,-152.99742455884493
590.6215418968397,-138.48022250805062,590.0918491369346,-153.09668712615564
595.4835856312708,-138.72044882304826,595.1312064971684,-153.28153007244407
600.3418576482006,-139.02874827915446,600.1711376899976,-153.44910662203728
605.1989775855558,-139.35478573087713,605.2118760624451,-153.59117584122026
610.05880185969,-139.6367591213024,610.2517629512332,-153.76194558446215
614.9232881636732,-139.8204913656857,615.2888767986296,-153.99807816787677
619.7909370208,-139.83141509393747,620.3284344032897,-154.18589268194245
624.647826053121,-139.51480569905743,625.3709835277878,-154.1925762282678
629.4754618823077,-138.8940657874626,630.4083622820955,-153.9480051592485
634.2566250633122,-137.98136700584547,635.4184380176733,-153.37324509009352
638.976286731987,-136.79076570794234,640.3562312482234,-152.3479413667695
643.6064976896772,-135.2910310507843,645.1689538322056,-150.84021980433047
648.0857498710941,-133.38745969786768,649.8421963953188,-148.94488538643026
652.3570003168425,-131.05516168667293,654.390553392053,-146.7660374157169
656.3880527874815,-128.32799521799484,658.8005844648185,-144.3201049673857
660.1930511010856,-125.29241722890895,663.055986005168,-141.6133315127408
663.7917049949028,-122.01484622771014,667.150395485661,-138.6687950770627
667.1586704654783,-118.49950440735302,671.0752134918396,-135.5015808748079
670.2719408504958,-114.75802985116967,674.804827461696,-132.10641751802714
673.1318593156897,-110.81900013847414,678.3069876956276,-128.47700544750535
675.6725516821143,-106.66711140490175,681.5482462170976,-124.6125062614145
677.8837281656772,-102.33092699969158,684.4974395659862,-120.51981652012616
679.7895849425392,-97.85180494594128,687.1314707054607,-116.21861071443743
681.4447587088374,-93.2739850362903,689.4601920808029,-111.74486765090631
682.9339602004223,-88.63936501833265,691.5340466149028,-107.14747135070218
684.3223280420067,-83.97350260493597,693.3682473047096,-102.44966193096577
685.7065817488522,-79.30642498235137,694.9836093875432,-97.6718665578899
687.1342570593824,-74.65243173110606,696.4391807241775,-92.84375376848361
688.6095422609892,-70.01332017857712,697.9065754700214,-88.01915788501678
690.104388170024,-65.380471165428,699.510525134345,-83.23797910157799
691.6177360546208,-60.75363155626972,701.2442038284197,-78.50245664971484
693.1409859900984,-56.13004110458978,702.949883570439,-73.75724581042498
694.6651502474743,-51.5067538580746,704.5005079704669,-68.95843667342727
696.1933289715278,-46.884788901938926,705.928420295364,-64.12193337546252
697.7130429844551,-42.26003762256369,707.3219005519308,-59.27550600274398
699.2252126257139,-37.63281052478949,708.7689163786786,-54.444699847915395
700.7366417088209,-33.00534362871586,710.3060894557141,-49.64211732879146
702.2338714622817,-28.373261290368976,711.8906560952744,-44.85465226860048
703.7102218784245,-23.73448180775745,713.459514746387,-40.06216379771216
705.1546201508706,-19.085656106347823,715.0062151193157,-35.262487612765135
706.5775415605552,-14.430210334331914,716.5285579003822,-30.455014007203662
707.9987570046127,-9.7742464552877,718.0266478114984,-25.63993618492457
709.4167958391929,-5.117302985869462,719.514860236011,-20.821785697479758
710.8151561897835,-0.4544303431275749,721.0064408160029,-16.004691077225175
712.2104035622051,4.209380905843908,722.509925519056,-11.191296558961715
713.6228628419676,8.868014257536501,724.0251799832781,-6.3815852012409415
715.0500293573491,13.52215799403628,725.5511225418489,-1.5752622977845248
716.4988951066052,18.169592332338148,727.0859447530532,3.2282243723640267
717.961796661729,22.81262971945083,728.6155086383447,8.033426366051383
719.4336710664518,27.4528296679403,730.1148238603156,12.848098204524009
720.9420211751509,32.08128551183146,731.5931905265406,17.669272000121392
722.4745496240146,36.701811674505514,733.107870294052,22.479163037674656
723.9719435271413,41.333750548862,734.6663242409453,27.275022351136744
725.1731323849738,46.049892844214945,736.25812884842,32.0599594818923
725.7066142988665,50.88249156743947,737.8095513535453,36.85809381773358
725.2433815773651,55.71496435064977,739.1649057187449,41.71463345035288
723.0309843153011,60.015653866771686,740.0942909737297,46.669806098577055
719.5791820067213,63.44369204331892,740.4207525212727,51.69960390484161
715.9424806048083,66.6794111898636,739.8887202705752,56.71043992985773
712.2359905391135,69.83517949082463,738.5610536412819,61.57177715681391
708.446756275336,72.89109969590318,736.3524523415572,66.10056738318309
704.5930053231466,75.86537825792429,733.297732812268,70.10779337438908
700.7353807455861,78.83466671545105,729.5870212606936,73.51932405093811
696.8249854549917,81.73381757836954,725.7177092354225,76.75361074634284
692.7867865220461,84.45206838989837,721.7678524848504,79.88825159634001
688.6607238342268,87.03556232495217,717.7330398565637,82.91284705170847
684.4754319093049,89.52163852547525,713.7509059659111,86.00665142306654
680.2580417717639,91.95304600859743,709.7013437889549,89.0120507086715
676.0314555587207,94.36837634175701,705.6166209554186,91.96871016360822
671.8086995246367,96.79039467451338,701.4468598403067,94.80495172045569
667.5522663910904,99.15291900027823,697.232258480062,97.57367352793979
663.2357317002331,101.40352002523022,692.9794980160669,100.28352934347093
658.8641682681704,103.54544805272239,688.7070987647334,102.96248757780786
654.4508938095814,105.60005548650723,684.3774647272667,105.54748067955677
649.9996024033253,107.57079644082872,679.993460295112,108.0398245640181
645.5098904259669,109.45246095802,675.5604493854054,110.44335189652523
640.9915687520377,111.26430792824175,671.0742992084021,112.74656137270482
636.4478987343796,113.01163448301519,666.5407499894498,114.95489834506927
631.8816006019133,114.69882703191512,661.9692176676798,117.08332269735686
627.2988327907544,116.34104752400029,657.390215615233,119.19573159255042
622.6954889666946,117.92418013298196,652.8110957507483,121.30773539084406
618.0759241129153,119.45972831001973,648.2234019016215,123.4012782015932
613.45844052652,121.00138615600785,643.6106291124065,125.4387364301713
608.8357879489105,122.52748904290615,638.9525884027263,127.37063815207163
604.1937166628493,123.99351124992373,634.255499290736,129.20639431837677
599.5311144948445,125.39276516992074,629.5157568942763,130.92740017691594
594.8593620523487,126.76127416598945,624.7380648725765,132.54134022658783
590.1872445020741,128.12842581515667,619.944969940073,134.10834527880783
585.5162435524347,129.49942942019334,615.1379034231458,135.6317504675342
580.8449283965115,130.86935300418125,610.3168809439627,137.11119323763208
576.172765509962,132.2363799045417,605.4738780580328,138.5158526266646
571.5004343549022,133.60283476649198,600.608049323263,139.84017422103153
566.8286075066113,134.9710117443491,595.7420302141039,141.16360673508007
562.1569892391512,136.33990058931133,590.887524592298,142.52839202512175
557.4851255825963,137.7079535826191,586.0454085698153,143.93677449776513
552.8139336087771,139.07829432906348,581.2107465511691,145.37039673346928
548.1438287103435,140.45233847170906,576.375750548443,146.8029796496069
543.4731688010233,141.8244937613218,571.5306446917173,148.2007864818738
538.801545858897,143.19336870275805,566.6757854888092,149.5645704381623
534.1279025840302,144.55533104949367,561.8175864874952,150.9162734279044
529.4518376731799,145.90898402858048,556.9595623373705,152.26864040120256
524.7807219704946,147.27953357468115,552.1068970366895,153.6400784745828
520.1119092329253,148.657970602952,547.2612747222931,155.0362438859323
515.4380966055628,150.01935563099767,542.4210040908428,156.45082512555442
510.7665666323773,151.38853149341423,537.5842922101531,157.8775315263191
506.0973057113658,152.76544209026815,532.7492781579535,159.309947364576
501.42402145759814,154.12861871645043,527.9123522191398,160.73596954752034
496.74978405507517,155.48858930319895,523.067671222317,162.13543654818008
492.0766291792238,156.8522011128412,518.2097005485418,163.4878450906106
487.40466856872416,158.21976792832686,513.3451916527554,164.81689963921306
482.7373426441715,159.60372336285516,508.4879146792348,166.17185899105556
478.0643458519199,160.96756994111246,503.6497392462546,167.59379044086307
473.3667851144011,162.24414527516106,498.8332026386766,169.0872028250568
468.6604572794393,163.48976383813914,494.03175880814865,170.6285104874945
463.963760192097,164.7697935900917,489.23124902276606,172.17262081200207
459.28605097152837,166.11727153150818,484.4189795780027,173.6797474304795
454.6156140094141,167.49060101064873,479.5926331478132,175.14116329840743
449.94133182361315,168.8503343503538,474.7543018227307,176.56236097155744
445.26678145778715,170.20911295201256,469.9085942764055,177.95823354642732
440.5929862382635,171.57057635627382,465.0579463873698,179.33679771052184
435.9188431965169,172.93082392044184,460.20268022453604,180.69902450074838
431.2454712477379,174.29370595537094,455.34417718299744,182.049654157358
426.5727693191776,175.65889356634344,450.48340536130644,183.39209713220188
421.8989828519633,177.02036050679052,445.62045018393377,184.72660490156883
417.2242909370839,178.37871821191837,440.7562110831564,186.05642843909808
412.5495514974588,179.73691074146873,435.8914508314352,187.3843425784047
407.875200234504,181.09643722898545,431.024120060865,188.7028159095714
403.20127218645905,182.45741916112564,426.15214282393407,190.0039877041941
398.5273702551891,183.81849082968512,421.2761197641592,191.2899586516749
393.8534025134519,185.1793361092399,416.3975677121955,192.56627519021185
389.17944266610556,186.5402085975319,411.5173958378938,193.83635203491338
384.5054478392453,187.9009609949984,406.6421399901957,195.1253474024392
379.831411586514,189.26157107172207,401.780252251754,196.46361777858743
375.1574477905175,190.62242998415852,396.933098481697,197.85455985281976
370.4835725695682,191.98359311734092,392.09408963153567,199.27344910279405
365.8096447631456,193.34457565989362,387.26016744021433,200.70957242643408
361.13565744707284,194.7053538253725,382.43112478806876,202.1620139352855
356.4616935882697,196.06621255424778,377.604645201452,203.62295951182048
351.78774086409504,197.42710952460956,372.777094651144,205.08035631475656
347.1137744268373,198.78795939782142,367.9481999435794,206.53328243705604
342.4398136401288,200.1488286739529,363.1164191440373,207.97664030427507
337.7658757244732,201.5097765056392,358.2779678308798,209.39738913567138
333.09194735420766,202.87075713354804,353.4313169823798,210.78997811687708
328.41792325655337,204.23140894953363,348.5811677169942,212.17032469835684
323.7437938866106,205.59169913924103,343.7287771386808,213.5427328741952
319.06985139273695,206.95263113645296,338.8749210056562,214.9099774236409
314.3960583587134,208.31407648767072,334.020133832694,216.27390680048256
309.7221180818412,209.67501619661903,329.1624974853804,217.6276270813801
305.04815093768445,211.0358636507907,324.3041151616142,218.97873170780258
300.3742274180657,212.39686091758938,319.4495397651534,220.34339020267527
295.7002161570459,213.75755682600584,314.60120509082213,221.7300739265097
291.02622416351943,215.11831891741446,309.7538484944745,223.12019541521366
286.3522948901594,216.47929643169212,304.9055255214502,224.50691371167338
281.67835917943626,217.84025183375726,300.05705187690785,225.89311648028195
277.00438248444215,219.20106646944672,295.20942494688063,227.28228066284188
272.3303750264982,220.5617754549343,290.3648300233666,228.68197688005796
267.65641907633466,221.9226613369353,285.52431012945914,230.09571027014823
262.98254482343526,223.28382778776768,280.6870451918152,231.52053145928224
258.30858027874064,224.64468415741868,275.85022814620794,232.9468756833909
253.63459015642246,226.00545268225105,271.0118851543277,234.36803296315145
248.96062628488906,227.3663113655969,266.17117459777415,235.7811083552287
244.28670291343695,228.72730914539517,261.32778320326037,237.184962388105
239.61278468023934,230.08832456382277,256.4817715177542,238.5797564676257
234.93878336000455,231.4490546238001,251.63284389206504,239.9643716971882
230.26470363855765,232.80951539212546,246.78034348913613,241.3363989604676
225.59078650936178,234.17053445696737,241.9260378151965,242.70206065961915
220.9166827806319,235.53091337571811,237.0737561167245,244.07486934294369
216.24354209371032,236.89459494936682,232.22826523734057,245.47150055228633
211.57250422307385,238.26546682780435,227.39153771657377,246.89814891201266
206.90100044996467,239.6347362794136,222.5626072163526,248.35100273917334
202.22735299754825,240.99669478365703,217.73833039297654,249.81922216619813
197.55303505547153,242.35631300965736,212.916941252114,251.2968534363012
192.8786276588791,243.71570515635963,208.09642043694598,252.77734309443647
188.19921662548512,245.0575613186295,203.2734991773999,254.25004529199245
183.50609263473712,246.35082460947322,198.44384006257957,255.70037613463768
178.83161040427234,247.70990963138956,193.60748563452492,257.12832304695655
174.1583745963967,249.073287579804,188.7698551170174,258.5519287916672
169.4855354084586,250.43798975970086,183.93312669416275,259.97855159228675
164.81435260670628,251.80837041038674,179.0976955353282,261.4095855063594
160.14337371551827,253.17943690807007,174.26287146984393,262.84267053462924
155.47132900739254,254.54687252177257,169.427126368338,264.2726437681663
150.79712952281216,255.90691872469293,164.58855434337872,265.69303911866297
146.12195405512557,257.2636107437586,159.74571834971192,267.09879456004353
141.44703022081856,258.62116696758756,154.8996552454941,268.4934089424188
136.77214816178486,259.97887123109933,150.05359935407526,269.8880432268262
132.09711924340448,261.3360549599891,145.20814454193663,271.2847573560836
127.42246143257888,262.69456835522845,140.36334300550885,272.6837393224806
122.75325971439591,264.0716224663211,135.52019177411168,274.0884252934867
118.09099260926502,265.4720607980325,130.6787949651529,275.49914380926606
113.4286910854404,266.87234851462614,125.83856595487724,276.9138473534275
108.76765625416725,268.2768553988642,120.99912998887977,278.3313211230837
104.11021768867299,269.6932353169833,116.16197457399232,279.75654400399486
99.45355620042425,271.11216841267554,111.3308099724569,281.20183891681927
94.79490427536712,272.52457850117725,106.50312514986427,282.6588501336434
90.13084582377545,273.9189785857641,101.67236695492034,284.10565427288975
85.4631785012397,275.3012938417177,96.834429854154,285.52810494335165
80.79638312636028,276.68653348741685,91.99106438897576,286.9320754047851
76.12877528317912,278.0690359477512,87.15025644783287,288.34486010931585
71.46043807051618,279.449072933069,82.31540629096251,289.7778488211261
66.79209185613989,280.82908082010795,77.48494847507267,291.2255777095214
62.12056242682163,282.1982734542009,72.65202619109353,292.6650843951952
57.44505045180131,283.55380265471047,67.81264787061507,294.0827140239066
52.769048618938,284.907642779477,62.96664828008648,295.4775485385874
48.093671740972916,286.2636380925916,58.11735640470984,296.86088884871964
43.41918778706862,287.6227135136426,53.270372537099334,298.25227862804627
38.74465097157385,288.9815842977449,48.42572212832353,299.6517986859702
34.06920174905842,290.33736762039825,43.58590558154743,301.06787038208495
29.372262344488373,291.61636844863597,38.75726961333188,302.5218834244371
24.64396473266406,292.7741766269078,33.953368975364505,304.0551463566041
19.889674388100293,293.8198836625173,29.157990899762165,305.615252223513
15.080536103078483,294.55967901128525,24.334458300484254,307.0855635854535
10.224347746243089,294.39254626042145,19.42600444917251,308.23689020506055
5.924173224552451,292.2230550960845,14.40632176087727,308.68235816958304
2.6454571739155495,288.6329351915171,9.364217435889266,308.65389087673213
-0.22423169599865533,284.702761427321,4.393132003403264,307.85000678969743
-2.980724970041466,280.6910097929426,-0.2999752296501509,306.0205149004026
-5.658106229926263,276.6258200429564,-4.442351157774815,303.16139472845003
-8.329636233128436,272.55628585362894,-7.730618290301107,299.3485369324404
-11.125017801523278,268.57353894743034,-10.531749868468195,295.1557651957745
-13.647932043218335,264.412067175714,-13.179441667705444,290.86415890040854
-16.00799383069738,260.15455330411277,-15.717993126198957,286.5070630729728
-18.375267203046757,255.90087533106868,-18.18935796082568,282.1114433462094
-20.837599943173238,251.70154646473443,-20.63704936064472,277.70257521861396
-23.42305674746086,247.5769123738595,-23.13111404236525,273.3198198219714
-26.117505358341017,243.52258605264828,-25.69492524205925,268.9774173163209
-28.898824440755916,239.52729176185863,-28.35143222068463,264.69120170993335
-31.77290433895524,235.59825956875824,-31.103707881605768,260.46567984266704
-34.66508264824175,231.68249156895217,-33.94655491140457,256.30066383721436
-37.540260995244445,227.7542231314466,-36.87538670260598,252.19560610590585
-40.454262174565116,223.85469428230695,-39.87649036131376,248.1430909030881
-43.402175423736786,219.9807051982851,-42.93561036599006,244.13418461113704
-46.36498387381877,216.1181177452475,-46.03476449448612,240.15616737569547
-49.333022238600286,212.25952277855697,-49.15558532907144,236.19514361466108
-52.280224876306605,208.38502779799327,-52.27874399423964,232.2359511640945
-55.198278112362395,204.48850434644555,-55.38452522445539,228.26309864195565
-58.1096046492107,200.5869587754076,-58.45687477034354,224.26438031856318
-61.03152846201575,196.69334656461663,-61.50006895948405,220.24336872194993
-63.96232119924574,192.80640048266636,-64.52812871896136,216.21098947064766
-66.8916331483443,188.91834111229568,-67.55193986869,212.17541973139942
-69.8141405290128,185.02516509176314,-70.57997945895266,208.14302391380872
-72.73392236616186,181.12994259286535,-73.61652464570888,204.11702855101333
-75.6568320083056,177.23706903555154,-76.65592771077002,200.09318788766444
-78.58219953375514,173.34604067938415,-79.69528374066617,196.06931418792968
-81.50929526602613,169.45631171641995,-82.73589802597144,192.04638830966314
-84.44627013891379,165.57403804078854,-85.78091670812604,188.02679867044247
-87.39931805753272,161.70397403904562,-88.8325247904049,184.01220845248616
-90.36257356858934,157.84172038188683,-91.888354786924,180.0008279880209
-93.32010827098811,153.97508908373558,-94.94611347685442,175.99092014175977
-96.26833500280381,150.1013470062435,-98.00488847044504,171.98178877791983
-99.20670469119182,146.2201310705614,-101.06223810076912,167.97156947872543
-102.13200042812517,142.3290467773455,-104.11420212486361,163.95724119814545
-105.04504928448107,138.42878789550255,-107.15684201595029,159.93584426071504
-107.9453638866669,134.5190492668584,-110.18678118801643,155.9048808199159
-110.83832353779863,130.6038660372308,-113.20649860462615,151.8662408048104
-113.73451793433938,126.69107500819332,-116.22184664937387,147.8243384768233
-116.64095790901547,122.78588841270754,-119.23462317395372,143.78052729269837
-119.55992470302593,118.89005497601434,-122.24470656841027,139.7347103262236
-122.4917498053688,115.0038900426533,-125.25360996446608,135.6880134045181
-125.43475919844921,111.12618773006687,-128.26344131044777,131.64200753538103
-128.38562221547934,107.25445927735991,-131.27498554574782,127.59727628771282
-131.33815999089367,103.38400704931935,-134.28789550627252,123.55355970593989
-134.27816451969343,99.50402380788267,-137.29865910369597,119.50824794728555
-137.1907595869487,95.60342136172086,-140.3025894544025,115.45786088677464
-140.06412750957847,91.67383341895274,-143.2982131649172,111.40131908617896
-142.89496844682273,87.71351185839733,-146.28525006650892,107.33844221682156
-145.7006812813882,83.73533081694646,-149.26156339762872,103.26771525547848
-148.49818098461654,79.75138060974058,-152.22473306669661,99.18742084520143
-151.28943558885405,75.76305204203192,-155.17538381086297,95.09803947503939
-154.06744406958953,71.76547789799966,-158.11387196933003,90.99988366491513
-156.81946073223799,67.74997898508896,-161.03218857488386,86.88737762027218
-159.5352632042143,63.70988559405766,-163.92048056974315,82.75369753789091
-162.21786964051785,59.64767691443468,-166.7753963267086,78.59687299084146
-164.8770270283922,55.57008409816761,-169.59636963136214,74.41695773958892
-167.5304829446525,51.48878467080084,-172.3857636656257,70.21589775610427
-170.1774217697381,47.40322014067897,-175.14682896492175,65.99618448584394
-172.7866245925968,43.29352005909037,-177.8823595826051,61.75986961588316
-175.36540021799516,39.16460946564383,-180.59463344900885,57.50862341558181
-177.9307805804493,35.02737883028545,-183.28401935857158,53.24287927945245
-180.48298611272972,30.88200681729915,-185.95131796211106,48.96330698474592
-183.02249268664664,26.728837331809547,-188.60280615792448,44.673897986371244
-185.54724649837237,22.566689648288133,-191.24614853839424,40.37947251914684
-188.05201286762866,18.39248115803469,-193.8856556772976,36.08270517299504
-190.54147530571464,14.209125259631158,-196.52384939970122,31.785130192412666
-193.0216745606379,10.020272103160416,-199.16280663521135,27.488018579583844
-195.48921979481517,5.823955351138891,-201.80365504012119,23.192063263923885
-197.94075853652436,1.6182593030720696,-204.44004819948617,18.893380350368414
-200.37366805211187,-2.5982298610475727,-207.06205862687864,14.585902768320581
-202.78213994382364,-6.8287353091723055,-209.66440400120752,10.266503085457657
-205.1773551173402,-11.06675387190007,-212.2444132489102,5.933714111639211
-207.54527384043195,-15.320089058547923,-214.79906090592556,1.585928134748309
-209.88492809854347,-19.589035721509326,-217.32529621935728,-2.7784338405058397
-212.2014216569734,-23.870588576119516,-219.82216926023776,-7.159665292584159
-214.48368556542238,-28.17049284796904,-222.29019198815305,-11.557185923356558
-216.7546445621033,-32.47637506130913,-224.7320469153862,-15.969307496298317
-219.00647422631545,-36.7922911332865,-227.15105065918544,-20.394036192186544
-221.23342602246672,-41.121097320799436,-229.5432294093431,-24.833282938674934
-223.43535796741864,-45.46268346704433,-231.9008099678904,-29.290986720741373
-225.61142426118084,-49.81729318576371,-234.22292219414103,-33.76731897184102
-227.76112178919675,-54.1849774492224,-236.5128333184903,-38.26020282783161
-229.8893704726747,-58.563154107055276,-238.77305614614272,-42.768077950829884
-232.00642656091313,-62.946754474803356,-241.00556592098954,-47.28974205556204
-234.12070897278008,-67.3316927169814,-243.21162349109002,-51.82436400826126
-236.2332094773124,-71.71749011259044,-245.3918293262617,-56.37145858857571
-238.33782560888554,-76.10707580439794,-247.54866401178288,-60.9296878833712
-240.4303307013387,-80.50244795740977,-249.6868133654211,-65.49671284489621
-242.51118021138214,-84.90335034203125,-251.81038877600997,-70.07051925088909
-244.5798154361065,-89.31000682243723,-253.92258894773727,-74.64959513118328
-246.63727252200792,-93.72189353122859,-256.03035031482085,-79.23071547745863
-248.6874418568397,-98.1371716848701,-258.14705766197807,-83.8076895705397
-250.73103190332066,-102.55549870152866,-260.2813566143778,-88.37650255102443
-252.7641573032379,-106.97865160359389,-262.4300702440344,-92.93856869253882
-254.78498842069695,-111.40743292405341,-264.5881210649074,-97.49620815895597
-256.80523012606534,-115.83648679679676,-266.74945742365037,-102.05228777472338
-258.84620239303985,-120.25602900088934,-268.90813104152744,-106.60963485803116
-260.9227604930233,-124.65895112543716,-271.0593694114905,-111.17049322305621
-263.0308666705898,-129.0468752474877,-273.1993277178385,-115.73665803048563
-265.1470308575316,-133.43089980866927,-275.32748705146344,-120.30833635805321
-267.25118518619183,-137.82071007658863,-277.444994381742,-124.88495296255603
-269.354055704344,-142.21113247713038,-279.55661418374524,-129.46428948405892
-271.45734343223756,-146.6013553794433,-281.6682026104291,-134.04363626286366
-273.56592470118846,-150.9890374434047,-283.7831804693017,-138.62142266552178
-275.6764377359491,-155.37579201227484,-285.90429637475745,-143.19638499933615
-277.7830529427992,-159.7644186427745,-288.03733675523665,-147.7657822151385
-279.8817082464278,-164.15685901939517,-290.18779307569747,-152.32699386347483
-281.96799049319213,-168.55518746441263,-292.3484312936707,-156.88341619443045
-284.04181562196067,-172.95940510971985,-294.5075676892829,-161.44054997992052
-286.11470550873247,-177.3640619094929,-296.66843640262323,-165.99684988141982
-288.1955351237227,-181.76497440311908,-298.8431681946213,-170.54655636508627
-290.28494513836574,-186.1618143752501,-301.04017980396867,-175.08556096668033
-292.387705005014,-190.55230893525493,-303.26627167962073,-179.61041232447383
-294.52486472949465,-194.92612825559146,-305.5302263114702,-184.1164053518475
-296.71998662395526,-199.27119168875737,-307.8397605222616,-188.5992295183586
-298.97239929159184,-203.5868224159149,-310.19603853555,-193.05769265638236
-301.2796700854905,-207.87336961000983,-312.600289119429,-197.490456831633
-303.64260476011737,-212.1295491744177,-315.05704762847904,-201.89435643855475
-306.0715159461832,-216.34835898809877,-317.57235172311545,-206.2650906317161
-308.5773639902266,-220.52197104359075,-320.1528092099437,-210.59769279773877
-311.15531754218637,-224.65141047102745,-322.79881964840445,-214.8905538073312
-313.7937131488954,-228.74245336101995,-325.50311827213693,-219.1468493040571
-316.46581223834414,-232.81162010726638,-328.24330771133623,-223.38021537475225
-319.15747085310466,-236.8678274871682,-331.00539233051677,-227.59923906307242
-321.8769923714304,-240.90542556823294,-333.7931039005293,-231.80137579629957
-324.6326618686446,-244.9184347480143,-336.60921707987126,-235.98455084301867
-327.4212673253755,-248.90863169928406,-339.45414977214836,-240.1481610826083
-330.23663884247486,-252.87998166085148,-342.32538922915796,-244.29372142333372
-333.0766844804365,-256.8337248483469,-345.2289737500524,-248.41666112749465
-335.94420438391626,-260.76758196730185,-348.1864847524356,-252.50118792402935
-338.8422076467276,-264.67906175971837,-351.2084137713285,-256.53827011507866
-341.78473324936874,-268.55715182628603,-354.29351398446425,-260.5272177714311
-344.78515079029506,-272.3906676184358,-357.42266662289853,-264.4817459304454
-347.8418529495775,-276.1794106835522,-360.57989175554616,-268.4138180103656
-350.93715397591797,-279.9366951174906,-363.75883394918384,-272.32837175797505
-354.0614474998542,-283.6699140199343,-366.96663799799194,-276.21931473845586
-357.2219476650202,-287.3724798320681,-370.2125798820872,-280.0785114266089
-360.43224721963566,-291.0319993903671,-373.5032444618442,-283.8996570230455
-363.68111245741005,-294.6573281382906,-376.8411379893167,-287.6796655787563
-366.9630128200055,-298.2527263692321,-380.2290438680537,-291.4148774563727
-370.27092247933626,-301.82424662533293,-383.6698857653042,-295.1013172516478
-373.60374784385294,-305.3724981031228,-387.15185301272595,-298.74902977976285
-376.9642381088302,-308.8945747528571,-390.66337150983463,-302.36822002642447
-380.34690601618854,-312.3953494323787,-394.2020899927325,-305.9608323203623
-383.7459211447064,-315.88025445946516,-397.76806203420233,-309.52640549988826
-387.1564833251695,-319.3538609349023,-401.36150330307765,-313.0642825770571
-390.57967800883694,-322.8150245606456,-404.9810252549166,-316.57545236857885
-394.02919540123673,-326.24993430146003,-408.6195806583607,-320.06691711629196
-397.5092352701696,-329.65393056308454,-412.2710346268574,-323.54486776309136
-401.00856757094175,-333.0380950211343,-415.93270128565547,-327.01205898379345
-404.51474034788964,-336.41516813606506,-419.5952066395606,-330.47837528515055
-408.0214224773814,-339.79171427857676,-423.2495041455429,-333.9533394235233
-411.52439854047105,-343.17210130405454,-426.89136722253784,-337.4413327633242
-415.0273480198002,-346.5525233901774,-430.52058184527573,-340.94248994211125
-418.5443644858213,-349.9182991220486,-434.1384609000339,-344.4553555854584
-422.0820099455885,-353.26239053717273,-437.74665427779394,-347.97816679657444
-425.6342291352763,-356.59099473160745,-441.34811867494017,-351.50785672315845
-429.19017390159115,-359.9156242694368,-444.94556843709915,-355.0416359962553
-432.7359598471364,-363.25107656765084,-448.5408644712328,-358.57761842996536
-436.2639693489227,-366.60533553873813,-452.14325005413565,-362.1063604167014
-439.77678092476555,-369.9755012752008,-455.76239496168944,-365.6179298065231
-443.28003183689543,-373.3556079212802,-459.3971253681933,-369.1133655874316
-446.78199072316585,-376.7370513225183,-463.04264450587857,-372.59753715835893
-450.291090597781,-380.1110834550953,-466.69250573213924,-376.0771622587369
-453.8118649723429,-383.4729316400587,-470.3431807846717,-379.5559227418477
-457.33770180682967,-386.8294719851127,-473.9933782284056,-383.0351857690969
-460.85871210899467,-390.19107164797185,-477.64346125378796,-386.51461395282655
-464.38284479924755,-393.5493979697635,-481.28973146049674,-389.9979596895626
-467.91089680345425,-396.90360963633833,-484.9307217225641,-393.4867414827997
-471.4352942389298,-400.26165769844226,-488.58026319542716,-396.96710795058516
-474.9547412173831,-403.62489591130173,-492.2094123403367,-400.4683040639575
-478.46815173808955,-406.99443966275567,-495.7592537119938,-404.0497269338334
-481.970978915055,-410.374981549603,-499.31868072087394,-407.62162106429923
-485.4657144978038,-413.76389055114237,-502.9578804855779,-411.11264157264014
-488.95624762978724,-417.1571259687313,-506.6304408097728,-414.56854424168426
-492.4549320071413,-420.54195816424027,-510.3190370946864,-418.006939935303
-495.97515395218437,-423.9043834293084,-514.0157420068238,-421.4367786484114
-499.5144399858453,-427.2467366294273,-517.7013827590772,-424.87849282697596
-503.0630191500138,-430.57922324429506,-521.3711098780997,-428.33712471749266
-506.60906839508226,-433.9143898770583,-524.9957217908665,-431.84298082814433
-510.13263119663605,-437.2733193660127,-528.4979107684743,-435.4709833530379
-513.6466123765614,-440.6422693133919,-531.8479349334708,-439.2395316460202
-517.164003904331,-444.00766255436315,-534.9159444140149,-443.24038235605485
-520.6468064099663,-447.4087913049015,-537.5669716443863,-447.52534568603096
-523.2453524163863,-451.4705186436166,-539.2437909850486,-452.2660870906933
-523.481222029267,-456.27029828225125,-539.5478512624871,-457.2869975088612
-521.1649854170616,-460.49745916637346,-538.5741781891354,-462.22131899239514
-517.0893829018289,-463.0791919852094,-536.2834039409088,-466.69797918768296
-512.2762808687442,-463.6952410957071,-532.8010571671514,-470.3218288072695
-507.4163407810198,-463.968768108096,-528.4212969675316,-472.7934912655003
-502.56448658402815,-464.3645368093871,-523.6395653690662,-474.3876229938627
-497.72066052472485,-464.84925153484886,-518.708528290738,-475.43778703875165
-492.8891927875443,-465.44434050196617,-513.7144373589472,-476.13426892005407
-488.0609318255909,-466.0655327531429,-508.7011725207531,-476.67701059834116
-483.22773114375667,-466.6469120030543,-503.69469448240363,-477.2772701304901
-478.39016899013075,-467.19086100669125,-498.7153700051877,-478.07618988298066
-473.55113918908825,-467.72157998089006,-493.7397745522582,-478.89578261726257
-468.709813445999,-468.2309407426115,-488.7646544192017,-479.7189901593502
-463.86657914643274,-468.7217960570559,-483.78590734659673,-480.5198681193993
-459.0245310793983,-469.22431954207417,-478.7981591374892,-481.2625575461604
-454.1858737947666,-469.75832232331294,-473.79968376562897,-481.9292748721598
-449.34815260057144,-470.30090476140424,-468.7937509927024,-482.5377036862765
-444.50877230589776,-470.82840348062155,-463.7838717863099,-483.1126040203551
-439.66771520157016,-471.34032969434213,-458.76958137748784,-483.64728703519785
-434.8245572879822,-471.8320309971624,-453.7530552980003,-484.1610738273811
-429.977395615778,-472.28259425695705,-448.73659515917615,-484.6751945183292
-425.12529757476915,-472.6764956114613,-443.7201250583738,-485.1892651089321
-420.26854257189217,-473.00822988885983,-438.7030117881007,-485.69704119162833
-415.4079902518636,-473.27866029428776,-433.6839888374437,-486.1856912897683
-410.5447259095271,-473.49438721246236,-428.66156650613823,-486.6381372475309
-405.6801013365098,-473.6773441210968,-423.6348429881342,-487.03966064718566
-400.81513423103075,-473.85033387636514,-418.60451833796975,-487.3940952544092
-395.9502183795936,-474.0249115304858,-413.5710718502046,-487.70022995295716
-391.0851413537025,-474.19481195190826,-408.5342461858813,-487.94512412274713
-386.2196254413607,-474.3521472227052,-403.4948904535156,-488.1299957680945
-381.35339926466344,-474.4855159014429,-398.4541329470015,-488.27251366373883
-376.48626591103,-474.5794379647744,-393.41273407044633,-488.38906336076826
-371.6185487645653,-474.6386737797407,-388.3707527061662,-488.47699235596076
-366.7505853348234,-474.6666014111573,-383.3283384980704,-488.5345953508789
-361.8825407679544,-474.65833277125336,-378.2857094504175,-488.5691406384008
-357.0146676777237,-474.6128677214464,-373.2430298810391,-488.5950889119505
-352.1474837787687,-474.52102143297634,-368.20032342007227,-488.6120313474111
-347.2816249980367,-474.37417366669166,-363.1575742020321,-488.6169388202498
-342.41761975973657,-474.1755759856359,-358.11483789607803,-488.60286397206835
-337.5555943982628,-473.93321520345705,-353.0723886126867,-488.54825129213924
-332.69555747685257,-473.6538299075782,-348.03068490228424,-488.4446718638867
-327.837434472336,-473.34310944423055,-342.9901349038762,-488.295497684679
-322.98077709482095,-473.01025452366616,-337.9509012797479,-488.1068807643053
-318.1253132515843,-472.6604335150218,-332.91335968272233,-487.8776452263739
-313.2710742936174,-472.29400280031336,-327.87796022866354,-487.6052710924283
-308.41836977612684,-471.90772389795563,-322.84494548224836,-487.2921944419385
-303.5675852544388,-471.4980812574724,-317.81371309809515,-486.9513556244969
-298.7190354543586,-471.0627685199664,-312.78374508168037,-486.5926551170492
-293.87284438486955,-470.60187664723685,-307.75516073011767,-486.21504609404394
-289.0294355813339,-470.11268384798717,-302.7284888786681,-485.81253127276534
-284.18924819592985,-469.59252883928167,-297.70492522769064,-485.3729918549993
-279.3523457826663,-469.04269435043483,-292.6863144409068,-484.8798111730926
-274.5184736817107,-468.4668302052587,-287.6740808925723,-484.3258760914445
-269.68768214889474,-467.86568526584574,-282.6679934217328,-483.7186493023846
-264.86089270567317,-467.23289235645365,-277.66593730551926,-483.07924092922207
-260.0400372544918,-466.55686542443567,-272.66544739569747,-482.42786622051443
-255.22541537611303,-465.8375466694303,-267.66522356797856,-481.7744000295147
-250.41389884732223,-465.097529280067,-262.6660563202447,-481.11287324992503
-245.6051885793397,-464.33987252225893,-257.6696693798437,-480.4306144968579
-240.8009900821749,-463.5539813210466,-252.67791090161757,-479.71519313823535
-236.00174841958227,-462.73830502068097,-247.69217109602303,-478.9591063900955
-231.20750879620638,-461.8937906422956,-242.71214615494384,-478.16615972477354
-226.41791521247606,-461.02334032918407,-237.73667530817974,-477.34518152066283
-221.63147588807848,-460.13566792455464,-232.76484170967402,-476.5024231579292
-216.8464719704005,-459.24034710599864,-227.79658398130266,-475.63891529513745
-212.0612636750649,-458.3461004519919,-222.83154697693723,-474.7570683616037
-207.27416488305767,-457.4620474945549,-217.86734293965714,-473.8705019112329
-202.48425625971922,-456.5933199142262,-212.90156185186495,-472.99286376057876
-197.69188405107357,-455.7382958510111,-207.93244578127022,-472.13425812932604
-192.89763775920966,-454.8938470899496,-202.9595924421779,-471.29761028595414
-188.10209081529104,-454.05682535174714,-197.98391854581575,-470.477874398271
-183.305502117633,-453.22578494413546,-193.00722126469557,-469.66441013385247
-178.50768453131175,-452.4018788267571,-188.03136548943291,-468.845776823872
-173.70829242196038,-451.5871977301837,-183.05805929568896,-468.0118278337143
-168.90791665772412,-450.7783180398253,-178.08826110961587,-467.1572141849856
-164.10679883703608,-449.9738702698736,-173.12091017682084,-466.28846233062177
-159.30463874088863,-449.1756672698198,-168.1548927449742,-465.41215781214646
-154.50129993911432,-448.3845595519441,-163.18931753856154,-464.5333450737479
-149.69593651284202,-447.6058959232011,-158.22303668278792,-463.6585252050899
-144.88863708784726,-446.8392348376727,-153.25542323164427,-462.7913038164274
-140.0814556639174,-446.07184504529846,-148.28640464753926,-461.93217309929184
-135.2745905857229,-445.30248696224123,-143.31629264020825,-461.07938722050466
-130.46752745431505,-444.5343434938432,-138.34532284202913,-460.23162045636883
-125.66113984061589,-443.7620123334253,-133.3736508801464,-459.3879816137072
-120.85716111074741,-442.97482089159746,-128.40171548244683,-458.5458953456885
-116.0549180674788,-442.17711579307735,-123.42974672240129,-457.70400760877993
-111.25459791435122,-441.36788766889543,-118.45783362947277,-456.86179091751563
-106.45843597828458,-440.5344114619042,-113.48632976026092,-456.0171595570725
-101.66756759852632,-439.67101379585387,-108.51548935377409,-455.1686360786237
-96.88025314483244,-438.7880980385618,-103.54521112655199,-454.31682687317254
-92.09370608491736,-437.9010581718722,-98.57474248828102,-453.46611082932924
-87.30635808015334,-437.0183556429172,-93.6030501094242,-452.6225994529345
-82.51706368902077,-436.1462427962751,-88.62943444357852,-451.7904930712334
-77.7244012485206,-435.29285263291337,-83.65456575912403,-450.9658994235688
-72.92722892391772,-434.4651646033135,-78.68032068593664,-450.1375719654829
-68.12557957827866,-433.66387776231466,-73.70860241150912,-449.2941836390898
-63.320716454581635,-432.8820909937125,-68.73978822827321,-448.43388008189726
-58.514414225895386,-432.1092107484037,-63.772743432733094,-447.5633918534883
-53.70843796214997,-431.3343101623283,-58.80604256571309,-446.6909655032521
-48.903982830600015,-430.55004385291124,-53.83917287983826,-445.8194967665305
-44.10055784633118,-429.75947730376754,-48.87247895901442,-444.94703782048333
-39.29717542076676,-428.9686596899341,-43.90619958874355,-444.0722113355222
-34.492982781495826,-428.18276523562474,-38.939465545949545,-443.1999259447047
-29.686890798145004,-427.4086107358384,-33.969393073007055,-442.3469459561152
-24.87907200947712,-426.6451848559722,-28.99430435564188,-441.5236165951709
-20.06946610395791,-425.89313497886826,-24.014311839662742,-440.7305149552777
-15.256248902917172,-425.1645458637509,-19.028847165944388,-439.97248114452935
-10.438787175053154,-424.464575070418,-14.037207765289086,-439.2563572305016
-5.617563501973706,-423.7909427489148,-9.039481171653296,-438.583979335852
-0.7931797282811481,-423.1403685209013,-4.037528133626321,-437.94372608709034
4.034807257701319,-422.51706921372806,0.9677334844379388,-437.3300244519708
8.86689657637052,-421.9264243719769,5.976087281406665,-436.7420569163525
13.703191555684576,-421.37120291728235,10.987318323648351,-436.1791467469591
18.543248313110304,-420.84980524847197,16.00108172667344,-435.63926706094793
23.38678323162982,-420.3618308403175,21.016935165752923,-435.11917945544553
28.23354411661912,-419.90695878582693,26.034439985382715,-434.61526177730764
33.08312240587181,-419.48325585946196,31.05352174248819,-434.12732057240447
37.93499392411282,-419.08673321726104,36.07423024215338,-433.6563976074758
42.78879763052448,-418.7144942238585,41.09647641715363,-433.20220994402945
47.644528320237484,-418.3681843123195,46.119985642999715,-432.76212815713586
52.502600825467724,-418.05679791642575,51.14491391450724,-432.33860869181285
57.362829399528344,-417.7807872660263,56.172118921115704,-431.9428761799155
62.224580571968104,-417.53318299859694,61.20199119996465,-431.5827673667388
67.08739804858688,-417.307629614211,66.234450423475,-431.26063148038764
71.95078436464034,-417.0945646226702,71.26911675701216,-430.97486419832455
76.81476988384146,-416.8957510441802,76.3059806025634,-430.7313453129576
81.67967250410528,-416.72067222061014,81.34483384396937,-430.532709165328
86.54549130426642,-416.5735065848449,86.38503066170644,-430.3723806017052
91.41202288597111,-416.4513067574107,91.42594690447476,-430.23616751020654
96.27918150169947,-416.35928382267645,96.46715089502415,-430.11166941669296
101.14676766629893,-416.29175649887577,101.50855741818843,-429.9954423286737
106.01422986976381,-416.2161098608463,106.55025722191102,-429.89294327706625
110.88136788882512,-416.1221042653032,111.59232639525673,-429.8102450305456
115.74812634006713,-416.009864757669,116.63464902990826,-429.7451174926125
120.6144043930509,-415.8786239933525,121.67708664598638,-429.68952911933764
125.48014996600523,-415.72910144524275,126.71952572673521,-429.6342296012959
130.3458121683876,-415.57633561528985,131.7619408565774,-429.57675661804
135.2119658592805,-415.44113552158285,136.80429498715998,-429.51418416727995
140.0786189474023,-415.3243580819424,141.84653151679075,-429.4426862663797
144.94514347701593,-415.2026138373136,146.8886236345362,-429.36169411377045
149.81141894887693,-415.0713390799815,151.9305755730578,-429.2723723231638
154.67747675186297,-414.9322125868966,156.9724084714054,-429.17646174861005
159.54351749793483,-414.79244917744927,162.01405233473434,-429.07123381092566
164.40982537942153,-414.66240542749006,167.05541834514216,-428.9533250244574
169.27650177745625,-414.5468736305557,172.09650274613128,-428.8240336104881
174.14345795316856,-414.44384686178154,177.13753624867832,-428.69275373639283
179.01064274937784,-414.3522272797673,182.17887642121534,-428.5735179922388
183.87798882897792,-414.2697252889175,187.22062382328275,-428.4735117982405
188.74533574335055,-414.1869930731962,192.26269666138495,-428.3911021162976
193.61241334724548,-414.0901083913239,197.30488112723202,-428.3159573079742
198.47926762985162,-413.9822886811218,202.3470939415245,-428.24296757121607
203.3461160907932,-413.8743365915702,207.38928477987332,-428.16839054522165
208.21290006764528,-413.76346510668236,212.431401923162,-428.0889858811763
213.0794647814305,-413.6434136410797,217.47342828152068,-428.0040197598562
217.94605832931424,-413.5244822169329,222.51528712166325,-427.90963537891895
222.81303400877638,-413.42245227735174,227.55696941911688,-427.8062997032384
227.68029898528343,-413.3352527029539,232.59834531266014,-427.68891637144037
232.5477286518837,-413.25780152954064,237.63756881838913,-427.50223140537724
237.41506752585778,-413.17500796957097,242.66587768482793,-427.1260770339949
242.27798324730418,-412.97068785764606,247.65619577507206,-426.40846737912346
247.06970508637102,-412.1435810033825,252.55196356133322,-425.20767348987175
251.5908069525485,-410.3590098109918,257.2564336007176,-423.4029601665707
255.6832576445281,-407.7338073535251,261.5362532958079,-420.74465291449826
259.2061330690283,-404.3841020417176,265.5027781203094,-417.6332890275009
261.91736739813194,-400.35153580402533,269.0834566567234,-414.0850231259018
263.69393839260886,-395.8270173531887,272.2314169162596,-410.1482954752799
264.5339194246169,-391.03785339963656,274.7961670097503,-405.8106006510936
264.3258354580509,-386.1818669690105,276.7054572252146,-401.145925785068
263.16007376006445,-381.46229807512975,277.9863550409246,-396.2707276401171
261.16580939511493,-377.0246809459385,278.58565074377316,-391.26598803610864
258.78256779411333,-372.7804372517827,278.4507976614603,-386.227391835805
256.204143430025,-368.65136758497823,277.67552757957077,-381.2458076252424
253.57087344473632,-364.55701744528324,276.31877009500005,-376.390594673301
250.8990882433055,-360.48770314106474,274.4633606108113,-371.7018800506471
248.19126358698819,-356.44226175759553,272.2237023661093,-367.1841262260049
245.44192248015332,-352.424956466885,269.74112595071813,-362.79485810415315
242.63822360646236,-348.44536696474165,267.1062137480677,-358.49532978703485
239.7496437969389,-344.5270066433285,264.3577635372459,-354.26737268489956
236.74478075919862,-340.69712759854093,261.5501295652159,-350.0785429576897
233.61646741055628,-336.96737556266766,258.67759292427934,-345.9339345584617
230.36828135048665,-333.3415751086216,255.7213207463177,-341.8486152077673
227.00439274192198,-329.8227362059378,252.67078053545836,-337.83319470233937
223.53558319724863,-326.4073804781923,249.517982361074,-333.8975322366682
219.9862149159277,-323.0756887945018,246.26485662425998,-330.04436996823904
216.36575113053135,-319.82148905209766,242.91587041511247,-326.2742519560856
212.6756014157177,-316.64649705754675,239.48012314676913,-322.58297580918094
208.92161635021807,-313.5472450376488,235.9623054073486,-318.96987812925465
205.09472030232462,-310.5384917786105,232.3643329944919,-315.4365325606061
201.20086161374698,-307.61692995216123,228.68772736718878,-311.9851116929391
197.2375970002893,-304.79020764180433,224.93170485873526,-308.6202796534147
193.20843414477662,-302.058192296806,221.09927243313967,-305.3426384701184
189.1139451478132,-299.4251504260235,217.1881864510103,-302.15927849962037
184.94876356933867,-296.90537032590817,213.19396133329457,-299.0809200039396
180.71498462308188,-294.5026192830118,209.11517987619374,-296.1154790603741
176.41372395206565,-292.22290782163867,204.95579518840808,-293.26397706209497
172.048888584168,-290.0674180658112,200.71502340510722,-290.5354728310336
167.62085833361263,-288.0449712649805,196.40481722017347,-287.9176083055599
163.13942426874792,-286.1436653489132,192.04882890996896,-285.37695388087076
158.61022878959878,-284.35913970737494,187.65434851219612,-282.90343397406843
154.04165465716827,-282.6780438527225,183.2178079826828,-280.50615366033514
149.43795834171343,-281.0955764049632,178.73374994328773,-278.19893999179743
144.7990614103576,-279.6196318001697,174.20058904445918,-275.98969723777
140.12616473397284,-278.2550861307912,169.62141259071487,-273.87742704336506
135.42104784623166,-277.00617705081686,164.99721846665074,-271.86572265049995
130.68798028886062,-275.86771568354914,160.3268633958412,-269.96344678674575
125.93053222350771,-274.83597530637024,155.61029261807766,-268.1788805833092
121.1513041919,-273.91035916305646,150.84923729322847,-266.5167588175306
116.35328151634583,-273.08747533284856,146.0469876460152,-264.9775993889334
111.53679496401244,-272.3810830428052,141.2072825499259,-263.56041553010886
106.70328748572011,-271.8015281790027,136.3313663917763,-262.27391482570346
101.85389932076701,-271.37653021101073,131.42353493811206,-261.1144800680739
96.99296935460268,-271.112686615231,126.49013306261428,-260.06958604299916
92.12654635141958,-270.98536358205473,121.53318582990354,-259.14257493268394
87.25854357000644,-270.98787831682995,116.5540899411339,-258.34327307869717
82.39212104965158,-271.1145659524811,111.55537569867244,-257.67716895391277
77.5303398851452,-271.3617357154866,106.5411301000726,-257.1401515128012
72.67646927248256,-271.73293605488084,101.51501736515179,-256.728975180489
67.83248752897428,-272.2165018709836,96.48034960978534,-256.44159150763386
62.997682307194395,-272.78446040932215,91.44017952570621,-256.2770195770102
58.168622948108386,-273.3994491711004,86.39743272985413,-256.2356149980081
53.34314093850025,-274.0416886304283,81.35535054621873,-256.324925416645
48.52220893954972,-274.7174214397426,76.31770123951357,-256.555718819774
43.70534453520076,-275.42144928004495,71.28877541027306,-256.9307819779251
38.89413072996241,-276.1631165366258,66.27189213145883,-257.44245004164173
34.081047834565986,-276.89261332267563,61.26884748702549,-258.0751415328434
29.26349848308917,-277.59194189424716,56.279589495001744,-258.80823986870314
24.443336223410203,-278.2730780440363,51.3022040849901,-259.61768408089347
19.62201067665216,-278.94589761463266,46.33250556902157,-260.4729099731667
14.799663972832574,-279.6113697976502,41.364055751306275,-261.3355094572303
9.975929249187672,-280.26669510561584,36.391277195022106,-262.1724084853423
5.151271244953049,-280.91519653822155,31.412093325434007,-262.97067010039876
0.3274661410119686,-281.5700096900653,26.429121441740058,-263.74484349417867
-4.494194983722197,-282.240446884464,21.445607035137094,-264.5153740852267
-9.312564376433189,-282.9341242554062,16.463107272474463,-265.2925361992078
-14.127530058874244,-283.6510445468272,11.480421703740618,-266.06863741395176
-18.940457227922217,-284.381540165444,6.493945851833356,-266.81966228433873
-23.753311793067372,-285.1124959847609,1.502291174659442,-267.53580494236445
-28.56709518369823,-285.83732021627384,-3.492046242598679,-268.23292135364545
-33.381551611243374,-286.55765610970616,-8.485910824555322,-268.93324531532494
-38.19649972079401,-287.2746985594528,-13.477003313011286,-269.65318176754874
-43.012279790285625,-287.98613290553743,-18.465100036667423,-270.3936081031086
-47.829584402037966,-288.68717980927124,-23.45045763282054,-271.1522157711927
-52.6490898262953,-289.3729099048441,-28.433840230015374,-271.92364727706854
-57.47061963223008,-290.04429039652945,-33.41745067728615,-272.69370795849244
-62.29269923858338,-290.71168946353566,-38.40344602465815,-273.44811108835245
-67.11345131122656,-291.388609688182,-43.393016730336846,-274.17841139139045
-71.9336264764349,-292.06963023624303,-48.384363458177404,-274.8966311479427
-76.75447817218962,-292.74583518274943,-53.3753156477532,-275.6174904251514
-81.57758511198357,-293.40579211195137,-58.365076667048626,-276.34653376044946
-86.40676852163097,-294.019537259133,-63.35355357126138,-277.0843574331345
-91.24882238782186,-294.52078311625775,-68.34113949243678,-277.8281718745302
-96.10611763853046,-294.8432028529685,-73.32863529096866,-278.57249177844494
-100.97209283461125,-294.97756242789603,-78.31713748365551,-279.31027090171574
-105.83879373085585,-294.8660233049553,-83.30890051459471,-280.02546415334643
-110.69709380687087,-294.56404475207034,-88.30796455334597,-280.6875178655362
-115.53566434403926,-294.03072802163365,-93.31906826488627,-281.25270368502703
-120.32932454259236,-293.1861591650331,-98.35193712541098,-281.56596313969
-125.05503474958121,-292.0182127186438,-103.39440940213937,-281.5401646538566
-129.69912501534753,-290.5600003708979,-108.42617944363809,-281.2184069388681
-134.24986204546548,-288.8320228722119,-113.43022590380858,-280.59222930969
-138.7014657561312,-286.86205587680223,-118.3856847017939,-279.66222216834274
-143.06089000329297,-284.6958065782852,-123.26426754113716,-278.3867850397158
-147.29517638216902,-282.2948013549675,-128.09444722044756,-276.9374294396138
-151.38060579703472,-279.64818830721566,-132.82783710501752,-275.2021587598522
-155.297667039304,-276.7580642888355,-137.39509703814713,-273.06516606360464
-159.02962341945744,-273.632886381606,-141.72570296081452,-270.4829812444718
-162.55997560651133,-270.28142871774,-145.84545407074646,-267.5752426098336
-165.87832141202298,-266.72016584893277,-149.72808492509895,-264.3586872672537
-168.99512364640367,-262.98078061580736,-153.3819578689204,-260.8828691224809
-171.9498113087812,-259.1122235150526,-156.79320217560618,-257.1695841367925
-174.71856652291117,-255.10844500336688,-159.99890305606428,-253.27700146210518
-177.2760141857552,-250.96655461488584,-162.96807116215913,-249.20107197755166
-179.60671226219418,-246.69307909580917,-165.66114677418338,-244.9377415291415
-181.69727921977895,-242.29692270956397,-168.09831771048354,-240.5231570041774
-183.53295948026786,-237.78851455022107,-170.28030961275405,-235.97692915229354
-185.10210592968662,-233.18058855612588,-172.20504141301302,-231.31592408169587
-186.38919099050636,-228.48600657369985,-173.83650754635738,-226.54436382216264
-187.394927533255,-223.72326727777707,-175.1006864629403,-221.66254063542948
-188.13596940609307,-218.91216514651705,-175.94710567321897,-216.69086391891926
-188.61811280620805,-214.0682596736837,-176.40404109508026,-211.66886604456352
-188.84149762641275,-209.2054227462527,-176.55711340664658,-206.6280884487389
-188.79018424636755,-204.3378927161189,-176.34925533063506,-201.58947962933112
-188.4450182323486,-199.48226427146503,-175.7348797250096,-196.58427221549695
-187.8129593718463,-194.6555229707873,-174.75447663707124,-191.63735664901014
-186.88783388621778,-189.8763837492583,-173.441897674417,-186.76838484936727
-185.68380809894992,-185.15964632191088,-171.80559945005587,-181.99823979935155
-184.22252246013986,-180.5163202867396,-169.85338946329327,-177.34867022897365
-182.51169636491053,-175.9588213497692,-167.60962219874884,-172.83236154207574
-180.5628301229393,-171.49793754643497,-165.12784107336705,-168.44259865105207
-178.39792686598855,-167.13790977450745,-162.52016275463447,-164.12637383144568
-176.07124970973263,-162.8618971769205,-159.9621568238534,-159.78056699256337
-173.65045451003795,-158.63843548957962,-157.46791645433225,-155.39787721566202
-171.19235787228973,-154.436555430448,-155.00109020557306,-150.9996728448816
-168.70172307926677,-150.2539264804947,-152.57759387384493,-146.57742692200074
-166.1969916938288,-146.07968179365508,-150.22052190158718,-142.11953701644308
-163.69970930658477,-141.9009913447251,-147.93048185847994,-137.62659622543035
-161.19358114771757,-137.72760620981632,-145.64573062963575,-133.13102484450815
-158.68145294177216,-133.5578206385775,-143.19236895270765,-128.72565431244638
-156.17435902947022,-129.38500938088458,-140.6211816553323,-124.38715777096037
-153.67418299144447,-125.20804983787897,-138.0048391894626,-120.07641577484162
-151.18292095075353,-121.02576710169367,-135.36219323209417,-115.78152172683701
-148.69874919956027,-116.83926933318321,-132.70316843703958,-111.49680614157705
-146.2176029715819,-112.6509765197472,-130.04596061187448,-107.21096079343349
-143.73154442956724,-108.4656005809224,-127.39049280717924,-102.92403156522512
-141.238274947245,-104.28451296157913,-124.73601035619907,-98.6364948166363
-138.73996682267236,-100.10643612487321,-122.08701625026158,-94.34556451057145
-136.23348582124368,-95.93325608191302,-119.44743493773547,-90.04883833278133
-133.72636880864837,-91.76046079916857,-116.814057060592,-85.74830513253224
-131.22408359693668,-87.58475995132704,-114.18132800090247,-81.44737809240911
-128.73310405156832,-83.40231672661304,-111.54778945699006,-77.14694487214122
-126.26085169830412,-79.2087621994827,-108.91960279907691,-72.8432325739464
-123.80457245466407,-75.00584234506876,-106.30276856813359,-68.53262609824694
-121.34810009511888,-70.80303476002913,-103.6982533242127,-64.21453618019113
-118.87642869370248,-66.60914067030305,-101.09394060070379,-59.89633288052263
-116.39205510415931,-62.422767308862845,-98.45963582170916,-55.596470427630585
-113.89612774515304,-58.243256848678875,-95.7734712174093,-51.32829159404453
-111.37646967462037,-54.07803705806932,-92.97664258841658,-47.13258934697381
-108.83310326830485,-49.92722482221563,-90.0257847755897,-43.042901690739
-106.27163425396637,-45.78756609428243,-86.92300441362492,-39.0675365813453
-103.71229070471252,-41.64662772865877,-83.5910958206736,-35.28182235356067
-101.14333586198484,-37.5115243816305,-79.97762023549761,-31.764610820104416
-98.48433818329369,-33.43393983876019,-76.1217099739388,-28.514356322442723
-95.64350358910232,-29.48064052318556,-72.05128476262266,-25.536897636121196
-92.49783647496781,-25.765562521697834,-67.75917411661251,-22.89095004914529
-88.98540384691238,-22.396337251803025,-63.28138303428845,-20.569390555749322
-85.26181015542153,-19.260347929607715,-58.65609722416078,-18.561638955163858
-81.41220160967453,-16.280560001696298,-53.92241897744895,-16.82200340291523
-77.40146995783593,-13.522041051803726,-49.12396875759379,-15.271781574231031
-73.2460734620507,-10.986373460065593,-44.253034360597574,-13.966572435331678
-68.97257174125258,-8.65522206539802,-39.30659221595162,-12.984169807958928
-64.58672445732287,-6.54322696558602,-34.2981597741566,-12.398932738799921
-60.075193004452785,-4.715555986271148,-29.256887047251283,-12.268321505110693
-55.457188482450704,-3.1760726840516824,-24.223091224748078,-12.567164452361807
-50.7580895309847,-1.9055901253854637,-19.226782458407826,-13.251426997848503
-45.99199077668717,-0.9156247677345773,-14.286259999771085,-14.261491902896044
-41.17716756156368,-0.1987608913002502,-9.417487685302266,-15.575606830083952
-36.33125691667477,0.2633977333204343,-4.633940581891735,-17.17207081794427
-31.467832684426174,0.4706088441481171,0.027890161559003923,-19.094960056924947
-26.600332097768142,0.4138239484332922,4.536457939466096,-21.354411848381577
-21.742407803781955,0.10220420587879914,8.861269123152203,-23.94798413276784
-16.905838161609264,-0.4487296663693795,12.974557450082209,-26.86622970701766
-12.103084425306118,-1.2439134360139685,16.848156144438075,-30.095336283277295
-7.354111998353022,-2.3127273528715557,20.46927155163757,-33.605417816116926
-2.6736314643961414,-3.6506895832597124,23.84393940925338,-37.35276559052142
1.9184789250944099,-5.2660569526908825,26.98714537049063,-41.29632841875258
6.40037838904046,-7.1659820365841576,29.93975409131491,-45.38439901801355
10.755730661233661,-9.340533914695188,32.764355532158994,-49.561813627646416
14.959449533419056,-11.795192163512247,35.554857115491934,-53.762144243299446
18.994995203889612,-14.51738487628277,38.38741818965425,-57.934232590824564
22.858294464219632,-17.47938316414571,41.33112372057226,-62.02878987614978
26.555601486911403,-20.64577975698493,44.437085453570134,-66.00155641753261
30.079494184413914,-24.004319641932025,47.70833005047507,-69.83954550841453
33.42018050486634,-27.545037258504358,51.105650325720234,-73.56627892182583
36.56329120221683,-31.26225339166342,54.6014370779603,-77.20074485352636
39.517505469567844,-35.131411319251555,58.180344021373195,-80.75337656366284
42.318374798070934,-39.11290650099532,61.83492344141832,-84.22810358553406
45.04589228876371,-43.14521560593282,65.56403259957548,-87.62276481235902
47.78639301635943,-47.16860268060245,69.37394822173307,-90.92648842120913
50.62364118641598,-51.12445708900098,73.27472337477194,-94.1223508936213
53.626835285372096,-54.955402260289205,77.2585360524059,-97.2143151907454
56.77962778155715,-58.66499596420388,81.32201004557628,-100.20052036726888
60.05722199759935,-62.263909568148655,85.46067308539493,-103.08189946296311
63.44251541805661,-65.76250910543733,89.66164804985861,-105.8714994360777
66.88773772140851,-69.2016351611891,93.92186645666365,-108.5696269954212
70.39971654869122,-72.57272405683585,98.23952025662852,-111.17514334029833
73.98266179934085,-75.86822418682603,102.62045845926278,-113.67255281844646
77.64372206456225,-79.07672166884852,107.07666384629154,-116.03327209775908
81.38016749442112,-82.19713166495366,111.61033689838088,-118.2418509016563
85.19282022461434,-85.2239640060917,116.21807418150736,-120.2909307846696
89.08529442070332,-88.1474458387041,120.88882248342395,-122.19218740183491
93.05095219277275,-90.97079424033463,125.60941710471884,-123.9660135529738
97.08824573883982,-93.69080307443137,130.37351013909833,-125.6193251257444
101.20482284153715,-96.28916682743991,135.17594277877544,-127.15769744469323
105.40625325636077,-98.74803074869806,140.01371950235543,-128.58115369417607
109.6874202782905,-101.06526397715902,144.8862811254132,-129.8803868928273
114.03614338355308,-103.25316363615522,149.7928252941364,-131.04490776966597
118.44350327351643,-105.32030089955275,154.72810494942416,-132.08081642354136
122.90517397858592,-107.26749101959192,159.68709740733772,-132.996576842773
127.4169310378288,-109.09558529713061,164.6661020159198,-133.79617136087404
131.97247813771807,-110.81180461817614,169.66172194550188,-134.4845083184599
136.56975688443598,-112.41268172986291,174.6698757271243,-135.07463744364733
141.20633264682982,-113.89603950292721,179.68738094925703,-135.57925371359985
145.8789406535367,-115.2614797507163,184.71194942757066,-136.007095805292
150.5831516987046,-116.51395986261157,189.7416126455182,-136.37030693588778
155.31570990807597,-117.65441171091618,194.77421594144505,-136.69087659767968
160.0760854708237,-118.67288662913656,199.80974540545324,-136.96010964532778
164.86308361047713,-119.55746582365217,204.8481820742483,-137.1693796937161
169.6742742596698,-120.29955439007809,209.88844379989357,-137.32797750688178
174.50561907450006,-120.89600708971386,214.92970265916873,-137.45026227233734
179.3532874186592,-121.3420383682303,219.9713059212957,-137.55777781410083
184.21092349702607,-121.66053253725593,225.01278219578677,-137.67082097887388
189.07452602149476,-121.86845256570585,230.0539199252158,-137.79773446347832
193.94034682114096,-122.01573699513553,235.09491329413703,-137.93096574616732
198.80622858318637,-122.16093637206431,240.13615348301292,-138.0539160605801
203.67132397028777,-122.3305260425027,245.1778445710074,-138.1568062775967
208.53508871175416,-122.53463828481277,250.21934782693012,-138.26852958635578
213.3972765716766,-122.77343230233583,255.26028861276998,-138.4036061146745
218.25860247935532,-123.02915409162982,260.3006446799527,-138.55877460328273
223.12015122209942,-123.28059721957891,265.34024435301205,-138.73720319880758
227.98207136415266,-123.52475870188499,270.37860918895245,-138.94716486318148
232.8450920502374,-123.74594585493813,275.4154982615565,-139.19030671451247
237.70921011180462,-123.94141283962206,280.45131520609215,-139.4545484593518
242.5736780177068,-124.12813544781429,285.486775697122,-139.72542912667177
247.4383040188522,-124.31048639910475,290.5223015641396,-139.99511841625397
252.30302420975184,-124.49052657813164,295.55785083563865,-140.2643908158496
257.1670829732245,-124.68743789026755,300.59304460281294,-140.54015243583927
262.0299286549175,-124.91247324132915,305.62796603010514,-140.82092835392658
266.8916945808494,-125.15967227893687,310.6631585067847,-141.09679045736303
271.7526675537981,-125.42200088247361,315.69902440999095,-141.3600451964034
276.6135987729973,-125.68510174264537,320.7356542004605,-141.60830984714855
281.47539421192295,-125.931739086237,325.7729915218875,-141.84175332429106
286.3388089153911,-126.14404306751598,330.8110527360506,-142.0591598682689
291.2035104062687,-126.32447044580604,335.8499162540849,-142.25677070944585
296.0685512827329,-126.495531287934,340.88941306999817,-142.4377776322597
300.93349268951397,-126.66935831749335,345.92895870924553,-142.6175235256304
305.7982963987433,-126.8470145610107,350.96780804337635,-142.81547456979033
310.6628375180737,-127.03171171928628,356.00557090451133,-143.0397281639641
315.52701721750026,-127.22569579048904,361.0423999917774,-143.28385483529505
320.39086507363453,-127.4278310257634,366.0789372021398,-143.53401656915827
325.2544331649666,-127.63659046184756,371.1158241326593,-143.7769418436418
330.1177550770933,-127.85100633447367,376.15349112230837,-144.00326872780948
334.98087395666533,-128.06998090976228,381.1919894595708,-144.2101639398155
339.8437457499273,-128.29437461094918,386.23116572085945,-144.39984721547484
344.70637527677445,-128.52395493404984,391.2706653756292,-144.58065523723585
349.5688623394422,-128.75654691414755,396.30996874142375,-144.76690692984377
354.4310137432213,-128.9960317270046,401.34871994750887,-144.96749085848458
359.29319801651053,-129.23486019312583,406.38690855325,-145.1817530228388
364.1558633706465,-129.46369973506367,411.42495853457973,-145.39930952657377
369.01933172216155,-129.67477478460572,416.46320739302064,-145.61207288960512
373.8838456161085,-129.86016720303272,421.50171041883993,-145.8188101600393
378.7491704882898,-130.0228965151474,426.5401777289995,-146.02652688107366
383.6147485357865,-130.17799909968338,431.57813096357756,-146.24614800704862
388.47980878667136,-130.34837602872568,436.6153493986393,-146.48219802991844
393.34407755362145,-130.54011687248868,441.6521839588471,-146.72621651260144
398.2079222038836,-130.7423747919965,446.6895084926764,-146.9600712607193
403.0719803828543,-130.93932546875996,451.7279182857171,-147.16906090470533
407.93643037755356,-131.12646886515938,456.7673462975346,-147.35184481421808
412.80123490091773,-131.3040390442537,461.8069858160217,-147.5288622472153
417.66623430819055,-131.47628841479397,466.8465677724056,-147.70734204538758
422.53097849117677,-131.65553520151724,471.88598974217825,-147.8903241374533
427.3953226130773,-131.84536146130796,476.92469422092483,-148.09221695642125
432.25941918531817,-132.04142503946417,481.96240429403286,-148.31750050000838
437.1233866626528,-132.2406555199899,486.999287479007,-148.56056374826244
441.987321804167,-132.4406880552146,492.0359554732371,-148.8080022003485
446.8515213514889,-132.63416124840526,497.07277518527985,-149.0523897035627
451.71591534972924,-132.82270967132152,502.1100765843329,-149.28656548957892
456.5803362096919,-133.0105279601007,507.1481054848762,-149.50452199415386
461.444868634432,-133.19551225601026,512.1865241713456,-149.71339399281447
466.3089960036182,-133.39070099038483,517.2249894976816,-149.92100343765114
471.1724311986231,-133.60260997024548,522.263366694422,-150.13077257606756
476.03592066637697,-133.8131207913408,527.3017842249246,-150.33958246371824
480.8996863907443,-134.01727977953192,532.3402808778801,-150.5464604788768
485.76300693510893,-134.23167114483905,537.3787715865939,-150.7534768719503
490.62566422001964,-134.46068635405382,542.4171557271463,-150.96315180073185
495.4880169605773,-134.69605718738052,547.4557036931266,-151.16871261038034
500.3500960300763,-134.93704049107262,552.4947262424378,-151.36235203388893
505.212209906694,-135.1771687944351,557.5338902972363,-151.55235497695145
510.0748896499403,-135.4061042727375,562.5729362635991,-151.7453821710695
514.9390789189014,-135.59915110663684,567.6117657608158,-151.94412755021403
519.8033392445211,-135.79120257735994,572.6501163701028,-152.1544567923957
524.6680326399621,-135.97086320799866,577.6879289108643,-152.37739291451965
529.5335047731717,-136.1296258380801,582.7256758951708,-152.60185674178047
534.3993357369283,-136.2761424305979,587.7635210771483,-152.8239587914085
539.265260564448,-136.41996448573894,592.8016060326236,-153.04071075735217
544.1305821633824,-136.5827483207693,597.8398366942812,-153.2542010080265
548.9950851239703,-136.76843961504244,602.8767360309155,-153.49628527019829
553.8587947711363,-136.9738463942078,607.9135740128687,-153.74133367053417
558.7216429838131,-137.19875969850546,612.9532334808665,-153.9165987422801
563.5838675809002,-137.43675071965802,617.9957493325287,-153.96981046689774
568.4455897489853,-137.6848093302586,623.0374103028932,-153.8654955850084
573.3072290498507,-137.93447518552577,628.0707122458881,-153.55620469123824
578.1692198183258,-138.1772301086475,633.0806861167217,-152.9816086258613
583.0319086368398,-138.4055147508852,638.0429124114252,-152.08309900492276
587.8950960852908,-138.622964226047,642.9273964750328,-150.8298073145992
592.7586683249639,-138.83161569003684,647.7095554477385,-149.22911389633444
597.6226257032826,-139.03110003736901,652.374573326071,-147.3139983657318
602.4866543487709,-139.22885022907565,656.9056223804951,-145.10029201590712
607.3507481049713,-139.42490644112675,661.282424563181,-142.5953757354278
612.2153122859744,-139.60921114685823,665.4787754142008,-139.79852459498028
617.0811596278502,-139.75496101052028,669.4742667138157,-136.72162385729936
621.9488868413507,-139.76763959233188,673.2698371559953,-133.40128029490495
626.8051621033767,-139.439897828571,676.8633179235607,-129.86266517043296
631.6172207893981,-138.7081626828095,680.2167145659996,-126.09648800860295
636.3520755483626,-137.58120404188554,683.3016026954379,-122.10624182368895
640.9847863304053,-136.0889775617852,686.1143271519702,-117.92043952296117
645.4815262302653,-134.2255860237917,688.63545923499,-113.55290111451976
649.8272044965962,-132.03340374449374,690.8627881844441,-109.02783985217944
653.9895619853108,-129.51005664780973,692.8127638346306,-104.37679900631046
657.9470083028216,-126.67622713945933,694.5352421838433,-99.63705098116746
661.6832056452595,-123.55612631781082,696.1098531039501,-94.84638566399748
665.1776010701894,-120.16760530343954,697.6067415702162,-90.03090341253086
668.4150836928768,-116.53316405977795,699.0711808276334,-85.20548004331357
671.418733889391,-112.70172783682742,700.5315701906792,-80.37883687404533
674.1907745182693,-108.70091405893395,702.0021945510189,-75.55529958984745
676.6427092778907,-104.49583029566969,703.4777142686304,-70.73325723109056
678.7531837051087,-100.10961675610304,704.952551612022,-65.91100609567647
680.5264021832609,-95.57609271251732,706.4274254441344,-61.088751211269646
682.0825359384233,-90.9636891800729,707.9179360553611,-56.27133155127682
683.5097105168613,-86.3094620984834,709.4373772380436,-51.46293281021697
684.9311045559983,-81.65359394023734,710.9826543431916,-46.66277549032005
686.3810226549308,-77.00647124150767,712.5441911975147,-41.86789772283468
687.8733451418595,-72.37281802929286,714.1078539300642,-37.07370841610446
689.4057657116821,-67.75226048915175,715.666448179206,-32.27787289467878
690.9507927443829,-63.135906131489435,717.2182016475923,-27.47982481329212
692.4723755197199,-58.51176217141845,718.7628687956642,-22.6794817196264
693.9913088456159,-53.88675450099067,720.2993967463772,-17.876515772961394
695.5055772068501,-49.26021359402545,721.819288969507,-13.068287354609925
696.9870998492624,-44.62309755581164,723.3191184473968,-8.253750724663965
698.4486024588681,-39.979583607860604,724.8097557577169,-3.4363387663156995
699.8831407794597,-35.3277973357871,726.3059663018582,1.3793205899712848
701.2326360725086,-30.650462387219427,727.8204489177523,6.189265645983067
702.5571444143263,-25.966091014292186,729.3332588783712,10.999731884798603
703.9066536138735,-21.288825853349504,730.8236677286228,15.817193525867712
705.2884655508867,-16.62102087573425,732.3076258474484,20.63665658022749
706.7069888759895,-11.964229758350509,733.8019419152566,25.45290819611184
708.1432175241736,-7.312865696677011,735.3104595326171,30.264738958352016
709.6137845217232,-2.6722576220857315,736.8105074179794,35.07912681087442
711.1143399629892,1.9587539199183484,738.2559099320257,39.91054761182565
712.6368397557302,6.582588102350704,739.5063406440361,44.79529647108091
714.1710327146504,11.20256038688611,740.3524492917885,49.76603143289839
715.706828198936,15.821997294611355,740.3849157875223,54.805117267199776
717.2371786105887,20.443244166164554,739.3168944538704,59.72848255742045
718.7535131926695,25.06910332481529,737.1148643953554,64.25974582206815
720.2561693758798,29.69943106780669,734.243001409265,68.40388488879664
721.7524116965649,34.33182355614617,730.9471261356189,72.21921304921997
723.2218799054998,38.972830637972976,727.3304936269884,75.73365620488254
724.6279723441648,43.63324002351156,723.5260714591745,79.04337305832955
725.7055961668761,48.377411618832454,719.5879112329347,82.19301218482447
725.8497285782092,53.23372915053234,715.5643008714214,85.23293661857231
724.3850211036221,57.85035666647863,711.4800672286411,88.19059922439013
721.4422386956724,61.71228075587491,707.3334373979861,91.06036814958307
717.9255059181157,65.07412700463235,703.1426393220571,93.86519962208209
714.2217673616523,68.23331546238883,698.9166587015087,96.61667363607393
710.4487236439865,71.30926379199558,694.6543643777436,99.31158073797641
706.5898501444266,74.27673094076468,690.3502097637765,101.93919374688262
702.753765264225,77.27373021084134,686.0024998659603,104.49401152662752
698.9175034956523,80.27076534198295,681.6144452485946,106.97901363360546
694.976531050937,83.12771639775772,677.1919563707212,109.40218875668698
690.8994535103498,85.7880832693129,672.7367776852196,111.76463948312839
686.7143932840394,88.2740766079809,668.2495969563179,114.06577159757973
682.4825887578011,90.68060156717571,663.7315000881908,116.30573902220961
678.2537977950767,93.09199851707608,659.182674078852,118.48257315113067
674.0328269848327,95.51707172209208,654.6023973700987,120.59218217606809
669.801292714874,97.92403738507574,649.9931128648587,122.6378723441792
665.5178656500508,100.23659684856412,645.3594060297785,124.62793766053576
661.1705760581111,102.42777031948629,640.6999095162219,126.55648926464032
656.7827091131702,104.53588581603279,636.0095259705025,128.4086927647801
652.3504494918259,106.54915841713634,631.2879082817772,130.18025740734026
647.8792850352041,108.47451338203867,626.5380666367495,131.8744202605485
643.3748710647417,110.3206178436958,621.7643316304001,133.4997486811529
638.8436806104697,112.10014969772328,616.972590807449,135.0712660361609
634.2896107492782,113.8201332673568,612.1677583005275,136.60200629482307
629.7144611321687,115.48327462595637,607.3528638955643,138.10078885109596
625.1220536919868,117.09827171130395,602.5302574412557,139.57453321011334
620.5090463629341,118.65313281024174,597.7008825321761,141.0259229786131
615.8886422295097,120.18602148747742,592.8654782995922,142.45707176376646
611.2716939368355,121.72938451720438,588.025041029384,143.87111966875818
606.6447159300532,123.24255772156924,583.1806366829851,145.2715046165
601.990962811293,124.67050194718267,578.3331071964517,146.6610138982374
597.3206872079501,126.04456801330977,573.4831402912715,148.04198565669103
592.6488808026122,127.41268799763034,568.6312730932849,149.4162598799925
587.9771768649262,128.7812581487067,563.7778289561926,150.7849677638852
583.3055431646277,130.15012868505048,558.9230111087776,152.14881073236694
578.6338630048768,131.518793861167,554.0663555178141,153.50607467611627
573.9621538340554,132.8873735613405,549.2072001713491,154.8543295517637
569.2906002104779,134.2564850329772,544.3465995150949,156.1973785589553
564.6191274323401,135.62586949259816,539.4874296937198,157.54564026686137
559.9475711325293,136.9949700976566,534.63228874612,158.90841578317946
555.2759002134298,138.36368069054225,529.782623274885,160.2904865469662
550.6044442294761,139.7331213172486,524.9394830176557,161.69516850684943
545.9336350531862,141.1047684138401,520.101885171219,163.11889635563904
541.2633217928447,142.4781177119322,515.2675168929126,164.5536024508879
536.5904801887586,143.84280948685003,510.43447864984483,165.99271184227393
531.9153151354046,145.19954204617719,505.60178778876633,167.43294993249603
527.2432288860189,146.56682179638898,500.7685894221527,168.8714958731011
522.5720407156392,147.93718604719808,495.9342266380376,170.30614070417136
517.8991798373816,149.30182813361284,491.0982100680422,171.73519519670555
513.2271779163332,150.66940156188878,486.26053673610534,173.1586289366036
508.5573206694766,152.0443034194494,481.4220354914438,174.5792510171527
503.88784285793906,153.4204873942189,476.5835867808201,176.00004774911602
499.2137909309787,154.78099409987536,471.7456152235877,177.42246541847618
494.53812798118093,156.13604861330145,466.90819799281024,178.84677644683546
489.865982241644,157.5031762301163,462.071070738684,180.27208317904163
485.19733203455525,158.88199753898363,457.23293837651636,181.69395531891033
480.52885965288243,160.26174359982917,452.392368922485,183.10749201307564
475.85329756306,161.61754578592698,447.5490746233539,184.51168890996928
471.1586518428416,162.90453054680347,442.7037738927493,185.90896800498538
466.4526440223979,164.15050676859917,437.8573093377681,187.3021932346753
461.75604659945685,165.43136620551184,433.0108994657124,188.6955881304967
457.0746371278965,166.7662308731148,428.1658420065845,190.09366532556587
452.40281047019397,168.13450881908253,423.3226762052398,191.49829626570747
447.72933041084997,169.49704044192453,418.48094455994163,192.90788153843883
443.05451676953305,170.8549373797609,413.64012179061615,194.3205857144066
438.381103515625,172.21771240234375,408.7996826171875,195.7345733642578
