x,y,z,distance
579.1029052734375,-20.228599548339844,-138.0721435546875,3715.6650390625
580.2546997070312,-20.259828567504883,-138.10084533691406,3716.81689453125
582.0023193359375,-20.301279067993164,-138.1488800048828,3718.564453125
583.6615600585938,-20.343435287475586,-138.2006072998047,3720.22412109375
585.509521484375,-20.385438919067383,-138.26722717285156,3722.07275390625
587.515625,-20.434185028076172,-138.34906005859375,3724.079833984375
589.5392456054688,-20.484817504882812,-138.4354705810547,3726.1044921875
591.8125610351562,-20.535619735717773,-138.53057861328125,3728.379150390625
594.1491088867188,-20.591684341430664,-138.6442413330078,3730.717529296875
596.7693481445312,-20.654264450073242,-138.79891967773438,3733.341064453125
599.051025390625,-20.71037483215332,-138.94338989257812,3735.6259765625
601.8278198242188,-20.77719497680664,-139.12893676757812,3738.4072265625
604.5237426757812,-20.852428436279297,-139.31008911132812,3741.107421875
607.26611328125,-20.937938690185547,-139.4854736328125,3743.85400390625
610.1722412109375,-21.03366470336914,-139.6422882080078,3746.88720703125
612.8040161132812,-21.142417907714844,-139.75567626953125,3749.67626953125
615.3444213867188,-21.25143051147461,-139.830078125,3752.367919921875
617.6036987304688,-21.347639083862305,-139.85789489746094,3754.763427734375
620.1543579101562,-21.446805953979492,-139.8203887939453,3757.474853515625
622.2578125,-21.524490356445312,-139.7146453857422,3759.721923828125
624.452880859375,-21.619075775146484,-139.53367614746094,3762.081787109375
626.7474365234375,-21.710525512695312,-139.28323364257812,3764.56787109375
628.6713256835938,-21.786348342895508,-139.01895141601562,3766.671875
630.8671264648438,-21.8675537109375,-138.65843200683594,3769.113037109375
633.108154296875,-21.956403732299805,-138.22714233398438,3771.697509765625
635.2839965820312,-22.04735565185547,-137.7469940185547,3774.201416015625
637.5650634765625,-22.145492553710938,-137.17710876464844,3776.82861328125
639.9404907226562,-22.253334045410156,-136.51068115234375,3779.6396484375
642.4068603515625,-22.355998992919922,-135.7218017578125,3782.517578125
644.8713989257812,-22.454591751098633,-134.80130004882812,3785.44189453125
647.4404296875,-22.560409545898438,-133.6923370361328,3788.5654296875
649.7747802734375,-22.665157318115234,-132.53286743164062,3791.497314453125
652.069580078125,-22.776708602905273,-131.22970581054688,3794.486083984375
654.3685913085938,-22.901098251342773,-129.76123046875,3797.544189453125
656.8442993164062,-23.046289443969727,-127.98624420166016,3800.938720703125
659.1846923828125,-23.197307586669922,-126.13704681396484,3804.257568359375
661.541748046875,-23.353654861450195,-124.11518096923828,3807.723876953125
663.8862915039062,-23.517047882080078,-121.92241668701172,3811.337890625
666.2210083007812,-23.69060516357422,-119.52606964111328,3815.164306640625
668.5113525390625,-23.885700225830078,-116.94207763671875,3819.0546875
670.8938598632812,-24.083730697631836,-113.94544982910156,3823.33935546875
673.0194091796875,-24.25724220275879,-110.98613739013672,3827.3955078125
674.97119140625,-24.450611114501953,-107.88904571533203,3831.477294921875
676.7274780273438,-24.624216079711914,-104.69987487792969,3835.57080078125
678.3017578125,-24.804101943969727,-101.41358184814453,3839.510009765625
679.7227783203125,-25.005144119262695,-98.0226821899414,3843.3369140625
680.9285278320312,-25.221263885498047,-94.7704086303711,3846.94287109375
682.16796875,-25.48105812072754,-91.0794677734375,3851.02880859375
683.46484375,-25.75792694091797,-86.88490295410156,3855.58935546875
684.7575073242188,-26.0181884765625,-82.48969268798828,3860.3525390625
686.0005493164062,-26.241287231445312,-78.33502960205078,3864.728271484375
687.2848510742188,-26.47542953491211,-74.17192077636719,3869.099365234375
688.4986572265625,-26.69525909423828,-70.35882568359375,3873.113525390625
689.9326171875,-26.96642303466797,-65.9098129272461,3877.8017578125
691.2032470703125,-27.22123146057129,-62.014766693115234,3881.909912109375
692.744873046875,-27.5283145904541,-57.33326721191406,3886.850830078125
694.1109008789062,-27.793245315551758,-53.18463134765625,3891.228515625
695.6485595703125,-28.100751876831055,-48.534000396728516,3896.136474609375
697.2278442382812,-28.42989730834961,-43.74120330810547,3901.19189453125
699.0515747070312,-28.836530685424805,-38.163822174072266,3906.942626953125
700.6294555664062,-29.19719123840332,-33.33470153808594,3911.6044921875
702.1991577148438,-29.565088272094727,-28.481334686279297,3916.38525390625
703.7608642578125,-29.941131591796875,-23.57343864440918,3921.3134765625
705.189208984375,-30.305944442749023,-18.973112106323242,3926.010009765625
706.8561401367188,-30.752490997314453,-13.516519546508789,3931.682373046875
708.4282836914062,-31.175861358642578,-8.367058753967285,3937.15234375
710.1138916015625,-31.629825592041016,-2.804516077041626,3943.183837890625
711.589599609375,-32.03459930419922,2.1436760425567627,3948.646240234375
712.9087524414062,-32.39169692993164,6.517607688903809,3954.051513671875
714.24658203125,-32.75600051879883,10.910552978515625,3959.5009765625
715.4124755859375,-33.07020568847656,14.69206428527832,3963.939208984375
716.81396484375,-33.44972229003906,19.172100067138672,3968.929443359375
718.1087646484375,-33.8024787902832,23.278051376342773,3973.26123046875
719.3472290039062,-34.12406539916992,27.182777404785156,3977.1826171875
720.436767578125,-34.387203216552734,30.54910659790039,3980.442138671875
721.5540161132812,-34.642330169677734,33.92469024658203,3983.614990234375
722.4423217773438,-34.83939743041992,36.6042594909668,3986.048583984375
723.0482177734375,-34.9614143371582,38.44410705566406,3987.67138671875
723.55859375,-35.07435607910156,40.01369094848633,3989.019775390625
724.0902099609375,-35.18477249145508,41.726959228515625,3991.41455078125
724.5740356445312,-35.309383392333984,43.460426330566406,3993.773193359375
724.9934692382812,-35.43735122680664,45.21241760253906,3996.095947265625
725.3927612304688,-35.59452819824219,47.251705169677734,3998.749755859375
725.6053466796875,-35.731422424316406,49.02751541137695,4001.043212890625
725.7050170898438,-35.86409378051758,50.80852127075195,4003.36181640625
725.6841430664062,-36.0006217956543,52.598297119140625,4005.744140625
725.520751953125,-36.14246368408203,54.37890625,4008.07373046875
725.1290893554688,-36.27683639526367,56.11320495605469,4010.751953125
724.483642578125,-36.42689514160156,57.750728607177734,4013.149169921875
723.5283813476562,-36.55952453613281,59.36079788208008,4015.606689453125
722.4503173828125,-36.677738189697266,60.686073303222656,4017.80029296875
721.2549438476562,-36.78522872924805,61.881038665771484,4019.966552734375
720.0184936523438,-36.8873405456543,63.0345573425293,4022.1787109375
718.7606201171875,-36.98637390136719,64.19835662841797,4024.487060546875
717.3688354492188,-37.09138488769531,65.43193054199219,4027.076904296875
715.8428344726562,-37.19581604003906,66.76615905761719,4029.181396484375
714.022705078125,-37.32674789428711,68.33379364013672,4031.637939453125
712.18115234375,-37.43543243408203,69.88060760498047,4034.09716796875
710.368896484375,-37.545127868652344,71.36077880859375,4036.490234375
708.29541015625,-37.66753387451172,73.00992584228516,4039.199951171875
705.9453735351562,-37.79539108276367,74.82991790771484,4042.241455078125
703.478271484375,-37.92646026611328,76.7200927734375,4045.4228515625
701.2328491210938,-38.04021453857422,78.45222473144531,4048.325927734375
698.3651123046875,-38.182647705078125,80.62196350097656,4051.995361328125
695.3097534179688,-38.32261657714844,82.7852554321289,4055.8125
691.5530395507812,-38.478336334228516,85.23917388916016,4060.386474609375
687.6582641601562,-38.613914489746094,87.64239501953125,4065.051513671875
683.5626831054688,-38.738033294677734,90.05142974853516,4069.8974609375
679.4114990234375,-38.85395431518555,92.43730163574219,4074.786865234375
675.14794921875,-38.95751190185547,94.87481689453125,4079.8076171875
671.0767211914062,-39.041603088378906,97.20556640625,4084.59912109375
665.7562866210938,-39.13967514038086,100.10810852050781,4090.785888671875
660.9606323242188,-39.22580337524414,102.532958984375,4096.2724609375
655.6450805664062,-39.31795120239258,105.05363464355469,4102.28515625
650.5892333984375,-39.40846633911133,107.31612396240234,4107.95166015625
645.4640502929688,-39.50362777709961,109.47122192382812,4113.6328125
640.3106079101562,-39.60038375854492,111.53086853027344,4119.2958984375
634.7457885742188,-39.69346618652344,113.64798736572266,4125.37841796875
629.9671630859375,-39.76848602294922,115.39016723632812,4130.5791015625
624.3906860351562,-39.848289489746094,117.35140991210938,4136.58740234375
619.2572021484375,-39.93014144897461,119.06695556640625,4142.08544921875
614.1814575195312,-39.98772048950195,120.75990295410156,4147.53466796875
608.6000366210938,-40.071197509765625,122.60382843017578,4153.49755859375
603.25244140625,-40.160945892333984,124.28128051757812,4159.17822265625
597.72607421875,-40.239898681640625,125.92279052734375,4164.99462890625
592.0070190429688,-40.325286865234375,127.5952377319336,4170.95361328125
586.0607299804688,-40.41885757446289,129.339599609375,4177.15087890625
579.4112548828125,-40.525535583496094,131.28916931152344,4184.0810546875
573.1819458007812,-40.62596893310547,133.11085510253906,4190.57177734375
566.9500122070312,-40.71870422363281,134.93544006347656,4197.06591796875
560.6556396484375,-40.815494537353516,136.77964782714844,4203.62548828125
554.2810668945312,-40.908775329589844,138.6472625732422,4210.2685546875
547.3253173828125,-41.020057678222656,140.69308471679688,4217.51953125
540.780029296875,-41.12057876586914,142.61407470703125,4224.34130859375
534.16943359375,-41.22494125366211,144.5432891845703,4231.228515625
527.4417724609375,-41.32207489013672,146.4951171875,4238.23388671875
520.65478515625,-41.42257308959961,148.4987335205078,4245.31103515625
513.2618408203125,-41.5323600769043,150.6544189453125,4253.01220703125
506.33251953125,-41.646209716796875,152.69639587402344,4260.2353515625
499.3531188964844,-41.75425338745117,154.73060607910156,4267.50439453125
491.78204345703125,-41.876712799072266,156.938232421875,4275.39013671875
484.70263671875,-41.98373794555664,159.018310546875,4282.76806640625
478.1834411621094,-42.08631134033203,160.9339599609375,4289.5615234375
470.994384765625,-42.198909759521484,162.87071228027344,4297.00390625
463.2200622558594,-42.296260833740234,164.9790802001953,4305.05615234375
456.03387451171875,-42.35297393798828,167.07496643066406,4312.5400390625
448.2257080078125,-42.39412307739258,169.34835815429688,4320.6708984375
440.8494873046875,-42.415550231933594,171.4958953857422,4.86767578125
433.35162353515625,-42.42177200317383,173.6788330078125,12.677734375
425.750732421875,-42.42280578613281,175.8987579345703,20.5966796875
418.0538635253906,-42.421714782714844,178.1377410888672,28.61328125
409.6587829589844,-42.4197883605957,180.5774383544922,37.35693359375
401.74566650390625,-42.42368698120117,182.88134765625,45.59912109375
394.3196716308594,-42.428382873535156,185.0435791015625,53.333984375
385.5503234863281,-42.43172836303711,187.59678649902344,62.46826171875
376.7909240722656,-42.434391021728516,190.1467742919922,71.59228515625
368.7049255371094,-42.43645095825195,192.50155639648438,80.01513671875
360.68048095703125,-42.4381217956543,194.83787536621094,88.373046875
352.73541259765625,-42.43672561645508,197.15118408203125,96.64892578125
344.8904724121094,-42.43294906616211,199.43528747558594,104.8203125
337.7630310058594,-42.43061065673828,201.51060485839844,112.244140625
329.02972412109375,-42.430137634277344,204.0533447265625,121.34130859375
321.6355285644531,-42.431575775146484,206.20542907714844,129.04248046875
313.8956298828125,-42.431365966796875,208.45982360839844,137.10498046875
306.9178771972656,-42.42687225341797,210.49143981933594,144.3740234375
300.1352844238281,-42.418575286865234,212.4664306640625,151.43994140625
293.5410461425781,-42.40846633911133,214.38612365722656,158.3095703125
287.13031005859375,-42.393070220947266,216.25274658203125,164.98779296875
280.4277648925781,-42.367347717285156,218.20437622070312,171.97021484375
274.382568359375,-42.3325080871582,219.96434020996094,178.267578125
268.4945068359375,-42.29023361206055,221.67860412597656,184.40185546875
262.7627258300781,-42.2422981262207,223.34783935546875,190.37353515625
257.1664123535156,-42.186588287353516,224.97720336914062,196.2041015625
252.07864379882812,-42.1290397644043,226.45846557617188,201.50439453125
246.58883666992188,-42.05808639526367,228.0569305419922,207.22412109375
240.24102783203125,-41.97011947631836,229.9053955078125,213.83740234375
234.7617645263672,-41.89393615722656,231.50057983398438,219.5458984375
229.36520385742188,-41.81365203857422,233.07139587402344,225.16796875
224.064453125,-41.720733642578125,234.6148681640625,230.68994140625
218.85992431640625,-41.62135696411133,236.1302032470703,236.11181640625
213.75209045410156,-41.528324127197266,237.62490844726562,241.43505859375
208.73406982421875,-41.432491302490234,239.09881591796875,246.666015625
203.3961639404297,-41.296470642089844,240.6562042236328,252.22802734375
198.46775817871094,-41.129234313964844,242.09075927734375,257.36181640625
193.5291748046875,-40.93954849243164,243.52574157714844,262.50634765625
188.9580078125,-40.75794982910156,244.84603881835938,267.267578125
183.59596252441406,-40.54092788696289,246.3254852294922,272.833984375
178.65354919433594,-40.3253173828125,247.76219177246094,277.984375
173.69590759277344,-40.09230422973633,249.20794677734375,283.15234375
168.70602416992188,-39.83859634399414,250.6663818359375,288.35498046875
163.69192504882812,-39.56647872924805,252.13796997070312,293.58447265625
158.33279418945312,-39.26509094238281,253.71006774902344,299.173828125
153.41415405273438,-38.982948303222656,255.1465606689453,304.30322265625
148.55242919921875,-38.699485778808594,256.5581359863281,309.37109375
143.75108337402344,-38.41490936279297,257.95208740234375,314.37646484375
139.34915161132812,-38.14962387084961,259.23040771484375,318.96533203125
134.53140258789062,-37.85185623168945,260.6295166015625,323.9873046875
129.611328125,-37.537757873535156,262.0577697753906,329.1162109375
124.1972427368164,-37.18696594238281,263.6418151855469,334.76318359375
119.07612609863281,-36.850677490234375,265.1758728027344,340.11767578125
114.2591552734375,-36.51627731323242,266.6228942871094,345.15625
108.11637878417969,-36.09468460083008,268.47412109375,351.58349609375
102.76347351074219,-35.721065521240234,270.1039733886719,357.18896484375
97.86590576171875,-35.37637710571289,271.5946960449219,362.3173828125
92.21463775634766,-34.98371505737305,273.29925537109375,368.23046875
87.0282974243164,-34.59402084350586,274.83734130859375,373.65087890625
82.28191375732422,-34.22864532470703,276.2457275390625,378.62158203125
76.74285888671875,-33.7926025390625,277.88739013671875,384.42138671875
71.17516326904297,-33.330875396728516,279.533447265625,390.25048828125
66.03064727783203,-32.90327453613281,281.0533752441406,395.6357421875
60.9847526550293,-32.473541259765625,282.5286865234375,400.91357421875
56.44072341918945,-32.080589294433594,283.8442687988281,405.6630859375
51.29981231689453,-31.62540626525879,285.3335876464844,411.03662109375
46.66044616699219,-31.20808219909668,286.679931640625,415.88623046875
42.12638473510742,-30.79986572265625,287.99871826171875,420.62646484375
37.361629486083984,-30.371395111083984,289.38409423828125,425.607421875
33.30155563354492,-30.001096725463867,290.5550231933594,429.84912109375
29.915874481201172,-29.691364288330078,291.4754943847656,433.3701171875
27.057146072387695,-29.43088150024414,292.19677734375,436.3125
24.58907699584961,-29.199369430541992,292.7869567871094,438.84130859375
22.579763412475586,-29.007333755493164,293.2439270019531,440.8935546875
20.37421417236328,-28.80113410949707,293.720458984375,443.13818359375
18.5566463470459,-28.625125885009766,294.07794189453125,444.97802734375
16.50605583190918,-28.43029022216797,294.4071044921875,447.03125
14.664228439331055,-28.243091583251953,294.587890625,449.49072265625
12.751786231994629,-28.054807662963867,294.6162414550781,452.4873046875
11.050538063049316,-27.893760681152344,294.51177978515625,455.4306640625
9.583492279052734,-27.73708152770996,294.24786376953125,458.04541015625
8.066518783569336,-27.610124588012695,293.66015625,460.91357421875
6.871841907501221,-27.489517211914062,292.952880859375,463.53662109375
5.844254493713379,-27.371028900146484,292.1535339355469,465.99560546875
5.020186424255371,-27.30430030822754,291.3681640625,468.0673828125
4.226221084594727,-27.21880340576172,290.5262145996094,470.13720703125
3.527278184890747,-27.132055282592773,289.70013427734375,472.0439453125
2.8326079845428467,-27.04851722717285,288.86376953125,473.97021484375
2.225515365600586,-26.97884178161621,288.1025085449219,475.69873046875
1.5924162864685059,-26.90020179748535,287.275634765625,477.3408203125
0.8554468750953674,-26.806121826171875,286.27557373046875,478.63525390625
0.12230528146028519,-26.710861206054688,285.22259521484375,479.955078125
-0.6560734510421753,-26.60938262939453,284.04510498046875,481.39208984375
-1.497506856918335,-26.509437561035156,282.7940979003906,482.93017578125
-2.3480799198150635,-26.39765739440918,281.6101989746094,484.42431640625
-3.2078447341918945,-26.298858642578125,280.3562927246094,485.970703125
-4.173190593719482,-26.189268112182617,278.9351501464844,487.80322265625
-4.904638767242432,-26.102535247802734,277.8092041015625,489.14208984375
-5.878472328186035,-25.979799270629883,276.277587890625,490.95361328125
-6.698722839355469,-25.89081382751465,274.99310302734375,492.47412109375
-7.6458845138549805,-25.789182662963867,273.5760192871094,494.17138671875
-8.734535217285156,-25.673179626464844,271.9855651855469,496.04443359375
-9.761894226074219,-25.57939338684082,270.634033203125,497.67724609375
-10.979537010192871,-25.461570739746094,268.7969055175781,499.81494140625
-12.12096118927002,-25.37070083618164,267.0419006347656,501.84814453125
-13.465929985046387,-25.24868392944336,264.73529052734375,504.4443359375
-14.790696144104004,-25.133644104003906,262.371826171875,507.076171875
-16.324779510498047,-25.01119613647461,259.576171875,510.1689453125
-17.80797004699707,-24.89556884765625,256.9034423828125,513.13037109375
-19.775556564331055,-24.762075424194336,253.4810028076172,517.23681640625
-21.652103424072266,-24.649560928344727,250.3711395263672,520.7099609375
-24.047168731689453,-24.51304817199707,246.6194305419922,525.08837890625
-26.279325485229492,-24.40103530883789,243.2849578857422,528.9765625
-29.101350784301758,-24.290468215942383,239.2446746826172,533.75439453125
-31.930519104003906,-24.187744140625,235.38548278808594,538.46923828125
-34.640106201171875,-24.096616744995117,231.71653747558594,543.0263671875
-37.8673210144043,-23.99791717529297,227.3108673095703,548.48291015625
-40.966796875,-23.910747528076172,223.17776489257812,553.64501953125
-43.89226531982422,-23.85115623474121,219.3402557373047,558.46630859375
-47.3340950012207,-23.812469482421875,214.85842895507812,564.11279296875
-50.55246353149414,-23.770034790039062,210.66529846191406,569.3955078125
-53.511322021484375,-23.75702476501465,206.74652099609375,574.30322265625
-56.71136474609375,-23.75003433227539,202.4590301513672,579.650390625
-59.9322395324707,-23.71346664428711,198.15499877929688,585.02294921875
-63.48992919921875,-23.707576751708984,193.43264770507812,590.9345703125
-67.1632080078125,-23.708053588867188,188.55718994140625,597.0400390625
-70.37798309326172,-23.704280853271484,184.27296447753906,602.39697265625
-74.12621307373047,-23.71024513244629,179.2742919921875,608.64599609375
-77.59255981445312,-23.72146987915039,174.66250610351562,614.41650390625
-81.04115295410156,-23.73714256286621,170.07752990722656,620.154296875
-84.21745300292969,-23.751325607299805,165.8753204345703,625.4228515625
-87.66029357910156,-23.7694149017334,161.36334228515625,631.099609375
-91.09564971923828,-23.790281295776367,156.88551330566406,636.74462890625
-95.02307891845703,-23.82825469970703,151.73941040039062,643.21923828125
-98.39492797851562,-23.87487030029297,147.29515075683594,648.80078125
-101.47871398925781,-23.91387939453125,143.20016479492188,653.93115234375
-104.79169464111328,-23.954303741455078,138.7691192626953,659.46875
-108.07606506347656,-23.99936866760254,134.3423614501953,664.98583984375
-111.5901107788086,-24.046119689941406,129.586669921875,670.90478515625
-114.5964126586914,-24.08726692199707,125.53041076660156,675.95849609375
-117.8549575805664,-24.127609252929688,121.16233825683594,681.41455078125
-121.3678207397461,-24.16727638244629,116.49056243896484,687.2666015625
-124.38077545166016,-24.19916534423828,112.51271057128906,692.2626953125
-127.8935775756836,-24.23163414001465,107.8991928100586,698.06884765625
-131.146728515625,-24.256059646606445,103.6353988647461,703.43896484375
-134.62025451660156,-24.27242660522461,99.04940032958984,709.23291015625
-137.7962646484375,-24.287139892578125,94.78279876708984,714.599609375
-140.67933654785156,-24.2847900390625,90.82034301757812,719.5439453125
-143.75555419921875,-24.26997184753418,86.49665069580078,724.892578125
-146.8174591064453,-24.245019912719727,82.14591979980469,730.24853515625
-150.11460876464844,-24.204668045043945,77.44410705566406,736.02392578125
-152.92837524414062,-24.16176986694336,73.4093246459961,740.96435546875
-155.94981384277344,-24.117633819580078,69.027099609375,746.2978515625
-158.93365478515625,-24.061599731445312,64.61148834228516,751.6142578125
-162.10488891601562,-23.99112319946289,59.820037841796875,757.31494140625
-165.01734924316406,-23.918804168701172,55.35432052612305,762.57568359375
-167.9137420654297,-23.844345092773438,50.89902877807617,767.732421875
-171.00445556640625,-23.765039443969727,46.11235046386719,773.23876953125
-173.38075256347656,-23.690397262573242,42.34572219848633,777.5732421875
-176.36317443847656,-23.59934425354004,37.55843734741211,783.1123046875
-179.10137939453125,-23.501008987426758,33.13017654418945,788.28173828125
-181.8106231689453,-23.397035598754883,28.713794708251953,793.47802734375
-184.69969177246094,-23.28727912902832,23.968875885009766,799.1083984375
-187.15292358398438,-23.177509307861328,19.895837783813477,803.97119140625
-189.98548889160156,-23.052799224853516,15.145330429077148,809.67724609375
-192.38719177246094,-22.945261001586914,11.094046592712402,814.5849609375
-194.93215942382812,-22.82964515686035,6.774618148803711,819.85693359375
-197.43365478515625,-22.723339080810547,2.4908759593963623,825.11279296875
-200.08950805664062,-22.628583908081055,-2.102367401123047,830.67333984375
-202.52340698242188,-22.49727439880371,-6.372951507568359,835.55712890625
-204.94493103027344,-22.36699676513672,-10.653138160705566,840.509765625
-207.52952575683594,-22.237497329711914,-15.291557312011719,845.85693359375
-209.72457885742188,-22.133424758911133,-19.29499053955078,850.45458984375
-212.08648681640625,-22.036230087280273,-23.656009674072266,855.44873046875
-214.41201782226562,-21.88018226623535,-28.034910202026367,860.44140625
-216.89633178710938,-21.730724334716797,-32.746246337890625,865.80517578125
-219.17572021484375,-21.596988677978516,-37.119102478027344,870.7724609375
-221.42190551757812,-21.472904205322266,-41.49030685424805,875.7236328125
-223.63516235351562,-21.354829788208008,-45.85978698730469,880.73974609375
-225.98095703125,-21.225786209106445,-50.563472747802734,885.93115234375
-227.96067810058594,-21.1145076751709,-54.59352111816406,890.2294921875
-230.24073791503906,-20.985389709472656,-59.289459228515625,895.263671875
-232.1791534423828,-20.870676040649414,-63.304893493652344,899.59814453125
-234.43032836914062,-20.738649368286133,-67.9740219116211,904.6787109375
-236.67002868652344,-20.604564666748047,-72.62630462646484,909.7841796875
-238.57489013671875,-20.491371154785156,-76.6034164428711,914.1806640625
-240.77667236328125,-20.359773635864258,-81.23290252685547,919.33349609375
-242.80215454101562,-20.242795944213867,-85.52123260498047,924.1416015625
-244.80880737304688,-20.125621795654297,-89.79974365234375,928.97314453125
-246.94393920898438,-20.008840560913086,-94.38134002685547,934.1865234375
-248.92807006835938,-19.90230369567871,-98.65641784667969,939.09130859375
-250.9569549560547,-19.793458938598633,-103.04542541503906,944.16748046875
-253.05506896972656,-19.674142837524414,-107.61442565917969,949.306640625
-255.2242889404297,-19.550312042236328,-112.37208557128906,954.53759765625
-257.4603271484375,-19.413175582885742,-117.2636947631836,959.91845703125
-259.75750732421875,-19.264341354370117,-122.20061492919922,965.36669921875
-262.3219909667969,-19.097637176513672,-127.5777816772461,971.32666015625
-264.7435302734375,-18.937000274658203,-132.5924835205078,976.8984375
-267.1498718261719,-18.75428009033203,-137.60911560058594,982.46533203125
-269.5399475097656,-18.577800750732422,-142.59925842285156,988.0009765625
-271.9159851074219,-18.387521743774414,-147.55718994140625,993.501953125
-274.2895812988281,-18.18674087524414,-152.49273681640625,998.98095703125
-276.85662841796875,-17.957847595214844,-157.83253479003906,1004.90869140625
-279.2496643066406,-17.739089965820312,-162.8312225341797,1010.412109375
-281.64691162109375,-17.4952449798584,-167.87570190429688,1015.95263671875
-283.86083984375,-17.269428253173828,-172.57452392578125,1021.103515625
-286.27520751953125,-17.023025512695312,-177.70440673828125,1026.72314453125
-288.9092712402344,-16.756439208984375,-183.2694091796875,1032.82373046875
-291.5837707519531,-16.485645294189453,-188.87953186035156,1040.0146484375
-293.9263000488281,-16.240005493164062,-193.7150421142578,1045.28564453125
-296.5592041015625,-15.952896118164062,-198.9578094482422,1050.90771484375
-299.298095703125,-15.64848804473877,-204.1998748779297,1056.40478515625
-302.3644104003906,-15.307380676269531,-209.8440704345703,1063.1279296875
-305.5626220703125,-14.964276313781738,-215.4789581298828,1069.6328125
-308.67364501953125,-14.633587837219238,-220.6790008544922,1075.5029296875
-311.6629638671875,-14.312467575073242,-225.44769287109375,1080.83984375
-315.2654113769531,-13.91934871673584,-230.9885711669922,1087.04833984375
-318.4088134765625,-13.571564674377441,-235.7447509765625,1092.3662109375
-322.1423645019531,-13.133200645446777,-241.29537963867188,1099.00341796875
-325.96478271484375,-12.669673919677734,-246.83241271972656,1105.6708984375
-329.30389404296875,-12.24390697479248,-251.56988525390625,1111.40625
-333.2638244628906,-11.740434646606445,-257.09228515625,1118.12158203125
-337.00787353515625,-11.266592025756836,-262.2113037109375,1124.36279296875
-340.5306396484375,-10.841167449951172,-266.9183349609375,1130.18212890625
-344.7509460449219,-10.329548835754395,-272.34765625,1136.97021484375
-348.7693786621094,-9.83777141571045,-277.3119201660156,1143.27783203125
-353.1253662109375,-9.283615112304688,-282.557373046875,1150.01806640625
-356.80352783203125,-8.7695951461792,-286.88812255859375,1155.640625
-361.02252197265625,-8.113499641418457,-291.6957702636719,1161.978515625
-364.844970703125,-7.432232856750488,-295.9396667480469,1167.64794921875
-368.55682373046875,-6.777133941650391,-299.97894287109375,1173.10400390625
-372.14910888671875,-6.15078067779541,-303.8309326171875,1178.345703125
-375.88885498046875,-5.49560022354126,-307.77301025390625,1183.75634765625
-378.984375,-4.9464430809021,-310.9896240234375,1188.2041015625
-382.2230224609375,-4.361360549926758,-314.32244873046875,1192.83740234375
-385.66632080078125,-3.7289886474609375,-317.83831787109375,1197.74755859375
-388.8839111328125,-3.131432056427002,-321.10491943359375,1202.326171875
-392.14141845703125,-2.547583818435669,-324.37847900390625,1206.94189453125
-395.15045166015625,-2.016023635864258,-327.3525390625,1211.17333984375
-398.8924255371094,-1.372381567955017,-330.9947204589844,1216.40087890625
-401.92852783203125,-0.8643152713775635,-333.9246826171875,1220.62939453125
-405.57763671875,-0.24907813966274261,-337.4383850097656,1225.7119140625
-409.36444091796875,0.3902825713157654,-341.0865478515625,1231.00537109375
-412.71661376953125,0.9596498012542725,-344.32373046875,1235.69775390625
-416.3852233886719,1.5819779634475708,-347.85693359375,1240.826171875
-420.2909851074219,2.2337231636047363,-351.5742492675781,1246.25439453125
-423.580078125,2.774182081222534,-354.6684875488281,1250.80029296875
-427.3856506347656,3.384337902069092,-358.22796630859375,1256.04541015625
-430.9791564941406,3.9615519046783447,-361.59405517578125,1261.00146484375
-434.9416809082031,4.596421718597412,-365.3442077636719,1266.49365234375
-438.4053649902344,5.146890163421631,-368.65667724609375,1271.31884765625
-442.5200500488281,5.795121192932129,-372.62152099609375,1277.07177734375
-446.39459228515625,6.401850700378418,-376.3634033203125,1282.49462890625
-450.2207336425781,6.986749172210693,-380.0436706542969,1287.83447265625
-454.2745056152344,7.5965962409973145,-383.9134826660156,1293.46044921875
-458.0749206542969,8.15548038482666,-387.53228759765625,1298.72802734375
-461.6015319824219,8.676547050476074,-390.9002380371094,1303.62353515625
-465.62371826171875,9.264058113098145,-394.7292785644531,1309.197265625
-469.237548828125,9.786745071411133,-398.1661071777344,1314.20166015625
-472.7212829589844,10.285292625427246,-401.48968505859375,1319.03466796875
-476.0827331542969,10.771342277526855,-404.7049255371094,1323.705078125
-479.36029052734375,11.241311073303223,-407.8532409667969,1328.271484375
-482.37945556640625,11.675030708312988,-410.77044677734375,1332.4951171875
-486.2297668457031,12.223429679870605,-414.50634765625,1337.89892578125
-489.3547668457031,12.675185203552246,-417.54412841796875,1342.29296875
-492.7168884277344,13.154193878173828,-420.7938232421875,1347.025390625
-496.2427978515625,13.650357246398926,-424.1582336425781,1351.927734375
-499.41729736328125,14.097508430480957,-427.1553039550781,1356.32080078125
-502.724853515625,14.566619873046875,-430.2622985839844,1360.88671875
-505.72784423828125,14.97940444946289,-433.0812072753906,1365.03076171875
-508.69012451171875,15.397677421569824,-435.894287109375,1369.14111328125
-511.5399475097656,15.801777839660645,-438.6219177246094,1373.10791015625
-514.2216796875,16.18282127380371,-441.19281005859375,1376.837890625
-516.7146606445312,16.535776138305664,-443.5765075683594,1380.57421875
-518.5028686523438,16.78950309753418,-445.29693603515625,1383.11376953125
-520.1805419921875,17.033763885498047,-446.9366149902344,1385.5146484375
-521.3414306640625,17.21921157836914,-448.1589050292969,1387.28564453125
-522.1193237304688,17.373924255371094,-449.151123046875,1388.71142578125
-522.8063354492188,17.582460403442383,-450.3572998046875,1390.47216796875
-523.2044067382812,17.7304744720459,-451.3468017578125,1392.93212890625
-523.5468139648438,17.925039291381836,-452.6164855957031,1396.095703125
-523.7021484375,18.082321166992188,-453.6406555175781,1398.68701171875
-523.70556640625,18.229276657104492,-454.75421142578125,1401.59326171875
-523.5779418945312,18.401634216308594,-455.8218688964844,1404.50146484375
-523.261474609375,18.542707443237305,-457.0164489746094,1409.75830078125
-522.8299560546875,18.655685424804688,-458.0654602050781,1414.34423828125
-522.2091674804688,18.8283634185791,-459.1615295410156,1419.16650390625
-521.4674072265625,18.989408493041992,-460.16180419921875,1420.9892578125
-520.4938354492188,19.131420135498047,-461.1373596191406,1422.142578125
-519.449462890625,19.243677139282227,-461.9305114746094,1423.32861328125
-518.251708984375,19.35421371459961,-462.609619140625,1424.64208984375
-516.8499755859375,19.448270797729492,-463.1545715332031,1426.13134765625
-515.160400390625,19.528703689575195,-463.5099182128906,1427.86865234375
-513.3787841796875,19.585451126098633,-463.6556396484375,1429.658203125
-511.32147216796875,19.646381378173828,-463.72772216796875,1431.708984375
-508.9877014160156,19.72785186767578,-463.85980224609375,1434.0458984375
-506.1842041015625,19.81352424621582,-464.0606384277344,1436.86376953125
-503.2698974609375,19.904993057250977,-464.3017272949219,1439.80029296875
-499.6764831542969,20.014110565185547,-464.64105224609375,1443.43212890625
-495.9819030761719,20.122859954833984,-465.0509948730469,1447.1796875
-492.0237121582031,20.24417495727539,-465.55755615234375,1451.20751953125
-487.87799072265625,20.365093231201172,-466.08837890625,1455.42236328125
-483.4840087890625,20.4731502532959,-466.61724853515625,1459.87841796875
-478.755615234375,20.566896438598633,-467.15032958984375,1464.67138671875
-473.393798828125,20.632080078125,-467.738525390625,1470.10693359375
-468.19677734375,20.678295135498047,-468.28350830078125,1475.37548828125
-462.8546142578125,20.700048446655273,-468.8247375488281,1480.79248046875
-457.341064453125,20.678808212280273,-469.4064025878906,1486.390625
-451.71209716796875,20.64902114868164,-470.037353515625,1492.11328125
-445.9384765625,20.621553421020508,-470.6741943359375,1497.982421875
-439.5711975097656,20.613794326782227,-471.3503723144531,1504.4453125
-433.56146240234375,20.59064483642578,-471.954345703125,1510.5380859375
-427.4587097167969,20.516902923583984,-472.4947814941406,1516.71630859375
-421.25457763671875,20.416650772094727,-472.9459533691406,1523.00439453125
-414.8898620605469,20.288389205932617,-473.30401611328125,1529.431640625
-408.3505554199219,20.144956588745117,-473.57940673828125,1536.0166015625
-401.6720275878906,19.979047775268555,-473.81976318359375,1542.75830078125
-394.3656921386719,19.7761173248291,-474.0811767578125,1550.13720703125
-387.5314636230469,19.580759048461914,-474.3114013671875,1557.04248046875
-380.69744873046875,19.406766891479492,-474.5006408691406,1563.951171875
-373.9213562011719,19.227678298950195,-474.6142883300781,1570.79638671875
-367.2024230957031,19.00173568725586,-474.6654968261719,1577.5810546875
-360.5225830078125,18.726911544799805,-474.6495056152344,1584.32421875
-353.325439453125,18.412429809570312,-474.5482482910156,1591.5908203125
-346.58953857421875,18.11797523498535,-474.34893798828125,1598.3955078125
-340.3097229003906,17.810701370239258,-474.07537841796875,1604.7451171875
-332.8626403808594,17.41705894470215,-473.66400146484375,1612.2841796875
-326.4575500488281,17.082107543945312,-473.25042724609375,1618.77490234375
-319.5108947753906,16.730363845825195,-472.7618713378906,1625.81396484375
-312.0375061035156,16.323205947875977,-472.1978454589844,1633.38818359375
-304.45977783203125,15.909335136413574,-471.5753479003906,1641.07080078125
-297.3243713378906,15.538141250610352,-470.93280029296875,1648.31005859375
-290.2264099121094,15.160900115966797,-470.2364807128906,1655.517578125
-283.1436767578125,14.820838928222656,-469.47613525390625,1662.71826171875
-275.976318359375,14.501543045043945,-468.6430358886719,1670.01611328125
-268.748291015625,14.135643005371094,-467.7453308105469,1677.36669921875
-261.4026794433594,13.75797176361084,-466.7531433105469,1684.8203125
-253.3509063720703,13.47960090637207,-465.5506896972656,1693.00439453125
-245.90585327148438,13.212748527526855,-464.3880310058594,1700.5791015625
-238.5428924560547,12.938167572021484,-463.1739807128906,1708.07958984375
-231.20516967773438,12.65073299407959,-461.89337158203125,1715.5654296875
-223.22415161132812,12.333722114562988,-460.432373046875,1723.71875
-215.79576110839844,12.063263893127441,-459.0435791015625,1731.31396484375
-208.85118103027344,11.833182334899902,-457.7515563964844,1738.3955078125
-201.2516632080078,11.595261573791504,-456.3721618652344,1746.1220703125
-193.13238525390625,11.35060977935791,-454.93499755859375,1754.37060546875
-185.68365478515625,11.125853538513184,-453.6370849609375,1761.93505859375
-178.38722229003906,10.916141510009766,-452.3813171386719,1769.34228515625
-171.30357360839844,10.7113676071167,-451.1815185546875,1776.52978515625
-164.43618774414062,10.511421203613281,-450.02886962890625,1783.49560546875
-157.27484130859375,10.326311111450195,-448.8403625488281,1790.7568359375
-151.32492065429688,10.211130142211914,-447.867919921875,1796.78759765625
-144.58741760253906,10.07027530670166,-446.791259765625,1803.61181640625
-138.9693603515625,9.941977500915527,-445.8939208984375,1809.302734375
-132.5986328125,9.762039184570312,-444.8746032714844,1815.7548828125
-125.97975158691406,9.587835311889648,-443.81365966796875,1822.455078125
-120.40693664550781,9.508101463317871,-442.9004211425781,1828.099609375
-114.8821029663086,9.437567710876465,-441.98077392578125,1833.6982421875
-109.2304458618164,9.342926979064941,-441.0200500488281,1839.4287109375
-103.86526489257812,9.241006851196289,-440.0705871582031,1844.875
-97.41759490966797,9.115254402160645,-438.88763427734375,1851.42724609375
-91.3508071899414,8.987639427185059,-437.76361083984375,1857.59423828125
-85.73332977294922,8.878417015075684,-436.7303771972656,1863.30322265625
-79.01822662353516,8.742328643798828,-435.5207824707031,1870.1240234375
-72.59819030761719,8.598235130310059,-434.409423828125,1876.63720703125
-66.04945373535156,8.44912338256836,-433.3241882324219,1883.2734375
-59.49470138549805,8.294325828552246,-432.2666931152344,1889.9111328125
-52.86106491088867,8.139538764953613,-431.19677734375,1896.62841796875
-46.13813781738281,7.982089519500732,-430.09515380859375,1903.439453125
-39.45146942138672,7.81062126159668,-428.9940185546875,1910.19482421875
-32.81993103027344,7.6238508224487305,-427.9116516113281,1916.87646484375
-26.279050827026367,7.423651218414307,-426.86669921875,1923.4599609375
-19.277755737304688,7.202054977416992,-425.7713623046875,1930.5009765625
-13.212791442871094,7.003468990325928,-424.864013671875,1936.59228515625
-6.0361552238464355,6.761753559112549,-423.8485107421875,1943.79150390625
0.7229688763618469,6.529140472412109,-422.9413757324219,1950.5654296875
7.588902473449707,6.294114589691162,-422.0791320800781,1957.4384765625
14.994144439697266,6.043965816497803,-421.2288513183594,1964.84130859375
21.810810089111328,5.810771942138672,-420.5168762207031,1971.64892578125
29.13716697692871,5.546023368835449,-419.8257141113281,1978.96240234375
35.428680419921875,5.314979553222656,-419.2884216308594,1985.24072265625
42.294525146484375,5.081340312957764,-418.7513122558594,1992.0849609375
49.72318649291992,4.831785678863525,-418.2301940917969,1999.4833984375
55.96082305908203,4.586433410644531,-417.8572082519531,2005.68994140625
63.0396728515625,4.310708045959473,-417.4940490722656,2012.72998046875
68.953369140625,4.057070255279541,-417.2248229980469,2018.60986328125
75.8611831665039,3.761096715927124,-416.9330749511719,2025.47802734375
82.3384780883789,3.488267421722412,-416.6990966796875,2031.9189453125
88.74886322021484,3.2090656757354736,-416.5152587890625,2038.29345703125
94.58503723144531,2.939908981323242,-416.38714599609375,2044.10498046875
101.97123718261719,2.5838963985443115,-416.28021240234375,2051.49560546875
107.44404602050781,2.3295929431915283,-416.1903991699219,2056.97216796875
114.34844207763672,1.9802470207214355,-416.04400634765625,2063.88232421875
120.76798248291016,1.6486244201660156,-415.8741455078125,2070.30810546875
127.14971160888672,1.3226724863052368,-415.6760559082031,2076.697265625
133.39097595214844,1.0088902711868286,-415.48846435546875,2082.9453125
139.9661102294922,0.664202094078064,-415.3270568847656,2089.52685546875
145.96945190429688,0.3449878990650177,-415.1757507324219,2095.5361328125
151.86019897460938,0.02025712840259075,-415.0135192871094,2101.43310546875
157.1929473876953,-0.2585145831108093,-414.8593444824219,2106.771484375
162.83258056640625,-0.547235906124115,-414.70294189453125,2112.41650390625
168.34661865234375,-0.8309733867645264,-414.56793212890625,2117.93603515625
173.89492797851562,-1.119293212890625,-414.4488220214844,2123.49072265625
179.86892700195312,-1.4308587312698364,-414.337158203125,2129.4716796875
185.26551818847656,-1.7200039625167847,-414.2467346191406,2134.87451171875
190.91429138183594,-2.0295326709747314,-414.1462097167969,2140.52978515625
195.6375732421875,-2.2815310955047607,-414.04559326171875,2145.25927734375
200.62939453125,-2.5467145442962646,-413.9344482421875,2150.25732421875
205.84573364257812,-2.8444223403930664,-413.81829833984375,2155.48095703125
210.06932067871094,-3.0962274074554443,-413.7187805175781,2159.70947265625
214.6714630126953,-3.371105670928955,-413.6033935546875,2164.31787109375
218.48289489746094,-3.590740203857422,-413.51226806640625,2168.13427734375
222.47311401367188,-3.8203139305114746,-413.42901611328125,2172.12939453125
226.0955810546875,-4.027638912200928,-413.3623962402344,2175.75634765625
229.5317840576172,-4.22512674331665,-413.3049011230469,2179.19677734375
232.50160217285156,-4.398098945617676,-413.2585144042969,2182.169921875
235.13877868652344,-4.562067985534668,-413.2160949707031,2185.1435546875
237.46539306640625,-4.695620536804199,-413.1741027832031,2187.78466796875
239.66445922851562,-4.823559761047363,-413.12353515625,2190.25830078125
241.78370666503906,-4.944030284881592,-413.0109558105469,2192.60107421875
243.8323211669922,-5.068667888641357,-412.7980041503906,2194.90625
245.83607482910156,-5.191490650177002,-412.44598388671875,2197.1953125
247.9327392578125,-5.353146553039551,-411.8876647949219,2199.66552734375
249.6652374267578,-5.49244499206543,-411.2529296875,2201.75927734375
251.46998596191406,-5.660826683044434,-410.4206848144531,2204.75244140625
253.33224487304688,-5.849452018737793,-409.3777160644531,2207.58544921875
254.97415161132812,-6.029881954193115,-408.2669677734375,2210.279296875
256.53375244140625,-6.197630405426025,-407.04364013671875,2212.96240234375
257.98284912109375,-6.354574203491211,-405.70404052734375,2215.86572265625
259.40576171875,-6.516910076141357,-404.1465759277344,2218.73779296875
260.4880676269531,-6.655471324920654,-402.7161560058594,2221.30126953125
261.5192565917969,-6.813339710235596,-401.08245849609375,2224.21923828125
262.3976745605469,-6.9781365394592285,-399.3703918457031,2226.97216796875
263.2032775878906,-7.163089752197266,-397.38623046875,2229.55419921875
263.7730407714844,-7.327108383178711,-395.53546142578125,2232.5283203125
264.2738342285156,-7.518472194671631,-393.2063293457031,2235.72509765625
264.553466796875,-7.7148332595825195,-390.7251281738281,2239.13623046875
264.5605773925781,-7.872171401977539,-388.58935546875,2242.02685546875
264.3495178222656,-8.034135818481445,-386.3478698730469,2244.9765625
263.94537353515625,-8.184082984924316,-384.1448974609375,2247.87255859375
263.3426818847656,-8.335777282714844,-381.98907470703125,2250.77392578125
262.5616149902344,-8.489768981933594,-379.94586181640625,2253.6611328125
261.64691162109375,-8.648966789245605,-377.96673583984375,2256.63330078125
260.5926513671875,-8.812952995300293,-375.9526062011719,2259.50537109375
259.4147644042969,-8.988545417785645,-373.8508605957031,2261.95068359375
257.9790344238281,-9.186279296875,-371.4644470214844,2264.78125
256.38800048828125,-9.386029243469238,-368.93975830078125,2267.81689453125
254.781494140625,-9.572037696838379,-366.43072509765625,2270.849609375
253.16336059570312,-9.753942489624023,-363.9303283691406,2273.88427734375
251.2596435546875,-9.965166091918945,-361.03179931640625,2277.42236328125
249.19793701171875,-10.181045532226562,-357.938232421875,2281.220703125
246.85238647460938,-10.413387298583984,-354.4717102050781,2285.5048828125
244.6094207763672,-10.62797737121582,-351.23040771484375,2289.54833984375
242.25070190429688,-10.843247413635254,-347.9071960449219,2293.74609375
239.7799835205078,-11.053186416625977,-344.5669860839844,2298.07373046875
237.2555694580078,-11.26108455657959,-341.3301086425781,2302.33544921875
234.82101440429688,-11.446821212768555,-338.37506103515625,2306.318359375
232.00167846679688,-11.647247314453125,-335.1343078613281,2310.767578125
229.040283203125,-11.84507942199707,-331.9260559082031,2315.28564453125
225.71836853027344,-12.049867630004883,-328.53338623046875,2320.19970703125
222.5390167236328,-12.243975639343262,-325.4580383300781,2324.7705078125
218.9656524658203,-12.445587158203125,-322.14349365234375,2329.84130859375
215.80810546875,-12.601085662841797,-319.3329772949219,2334.2568359375
212.06729125976562,-12.766651153564453,-316.13531494140625,2339.41650390625
208.83074951171875,-12.909241676330566,-313.4740295410156,2343.79443359375
205.2904510498047,-13.053281784057617,-310.6889953613281,2348.47998046875
201.6652374267578,-13.203939437866211,-307.9577941894531,2353.20654296875
197.9110565185547,-13.33998966217041,-305.2604675292969,2357.99462890625
193.6808319091797,-13.478250503540039,-302.3714599609375,2363.29296875
189.58982849121094,-13.60214900970459,-299.7232360839844,2368.33203125
185.40834045410156,-13.700431823730469,-297.1757507324219,2373.40087890625
180.82098388671875,-13.787208557128906,-294.5608215332031,2378.8779296875
176.4791717529297,-13.850043296813965,-292.2564392089844,2384.021484375
172.04238891601562,-13.896530151367188,-290.0643310546875,2389.20263671875
167.859130859375,-13.928973197937012,-288.1499938964844,2393.99755859375
162.86314392089844,-13.949135780334473,-286.031005859375,2399.595703125
157.6900634765625,-13.951393127441406,-284.0115661621094,2405.34814453125
153.1847686767578,-13.945984840393066,-282.375,2410.35595703125
147.93399047851562,-13.93509578704834,-280.60369873046875,2416.09765625
143.50543212890625,-13.911645889282227,-279.2296447753906,2420.90966796875
138.76068115234375,-13.879057884216309,-277.8797302246094,2426.0419921875
133.60606384277344,-13.81429672241211,-276.5563659667969,2431.59521484375
129.15579223632812,-13.742941856384277,-275.52313232421875,2436.34814453125
124.34807586669922,-13.661330223083496,-274.5174560546875,2441.44287109375
119.56025695800781,-13.578255653381348,-273.6257019042969,2446.48388671875
114.76164245605469,-13.494057655334473,-272.8398132324219,2451.52685546875
109.60613250732422,-13.407880783081055,-272.13372802734375,2456.91064453125
104.84002685546875,-13.330253601074219,-271.6176452636719,2461.87060546875
99.6634292602539,-13.255220413208008,-271.2391662597656,2467.27197265625
94.83842468261719,-13.190351486206055,-271.0406494140625,2472.314453125
89.60054016113281,-13.117831230163574,-270.9701232910156,2477.71435546875
85.43717956542969,-13.053262710571289,-271.0216064453125,2481.99853515625
80.08367919921875,-12.968417167663574,-271.2164001464844,2487.50537109375
75.04136657714844,-12.877037048339844,-271.53668212890625,2492.69873046875
69.96669006347656,-12.790473937988281,-271.990966796875,2497.94091796875
64.80166625976562,-12.703923225402832,-272.56475830078125,2503.29833984375
59.56025695800781,-12.595260620117188,-273.21966552734375,2508.7607421875
54.317996978759766,-12.491609573364258,-273.908935546875,2514.24853515625
49.08006286621094,-12.390765190124512,-274.63800048828125,2519.60009765625
43.796600341796875,-12.296265602111816,-275.4076843261719,2524.93798828125
38.082275390625,-12.1965913772583,-276.28839111328125,2530.71826171875
32.78480529785156,-12.107067108154297,-277.0835876464844,2536.07373046875
27.472702026367188,-12.028050422668457,-277.8463134765625,2541.43896484375
21.663877487182617,-11.931682586669922,-278.6617431640625,2547.3037109375
16.631502151489258,-11.83718204498291,-279.3596496582031,2552.38330078125
11.225675582885742,-11.746244430541992,-280.0980224609375,2557.83935546875
5.442582607269287,-11.628765106201172,-280.8759765625,2563.67431640625
0.0634467601776123,-11.519444465637207,-281.6062316894531,2569.10205078125
-5.774997234344482,-11.4061861038208,-282.42230224609375,2574.9970703125
-10.790688514709473,-11.308847427368164,-283.1519470214844,2580.0654296875
-16.21813201904297,-11.205413818359375,-283.9674377441406,2585.55322265625
-21.76335334777832,-11.089104652404785,-284.8110046386719,2591.1640625
-27.860694885253906,-10.95174789428711,-285.7312927246094,2597.33251953125
-33.53155517578125,-10.829066276550293,-286.5800476074219,2603.06884765625
-39.28242492675781,-10.717927932739258,-287.4357604980469,2608.88525390625
-45.038143157958984,-10.61694049835205,-288.2825622558594,2614.70556640625
-50.69727325439453,-10.539005279541016,-289.0973205566406,2620.42529296875
-57.083396911621094,-10.45249080657959,-289.99072265625,2626.8759765625
-62.49414825439453,-10.37636661529541,-290.73974609375,2632.34033203125
-67.38658905029297,-10.310342788696289,-291.42718505859375,2637.28271484375
-72.57947540283203,-10.245579719543457,-292.16070556640625,2642.529296875
-78.35131072998047,-10.172595977783203,-292.9670104980469,2648.35986328125
-82.43318939208984,-10.11952018737793,-293.519287109375,2652.47998046875
-86.76614379882812,-10.07739543914795,-294.0618591308594,2656.607421875
-90.59751892089844,-10.054563522338867,-294.4641418457031,2660.08642578125
-93.94156646728516,-10.045528411865234,-294.7189025878906,2663.17919921875
-97.69947814941406,-10.027978897094727,-294.9123840332031,2666.65966796875
-101.13762664794922,-10.007182121276855,-294.9775390625,2669.85693359375
-104.55319213867188,-10.014418601989746,-294.9123229980469,2673.05615234375
-108.25788879394531,-10.026291847229004,-294.7448425292969,2676.67041015625
-111.79769897460938,-10.03073501586914,-294.4637756347656,2680.01806640625
-115.43568420410156,-10.046882629394531,-294.0445861816406,2683.49853515625
-119.07794189453125,-10.070141792297363,-293.44207763671875,2686.96533203125
-122.66397094726562,-10.10208797454834,-292.64642333984375,2688.72900390625
-126.25167846679688,-10.137219429016113,-291.6733703613281,2691.60546875
-129.86187744140625,-10.177241325378418,-290.5032653808594,2694.71875
-133.4851531982422,-10.220932006835938,-289.143798828125,2698.12744140625
-137.3781280517578,-10.266715049743652,-287.4726257324219,2702.20556640625
-140.93783569335938,-10.3098783493042,-285.78253173828125,2706.40234375
-144.66204833984375,-10.380531311035156,-283.82781982421875,2711.43505859375
-147.73681640625,-10.4491548538208,-282.0247802734375,2715.12353515625
-150.95968627929688,-10.532923698425293,-279.93731689453125,2718.55029296875
-154.31471252441406,-10.623021125793457,-277.5179748535156,2722.28857421875
-157.31040954589844,-10.71199893951416,-275.1225891113281,2725.79345703125
-160.1460723876953,-10.806325912475586,-272.6169738769531,2729.28466796875
-163.03326416015625,-10.919753074645996,-269.7996826171875,2733.0380859375
-165.36878967285156,-11.0202054977417,-267.296142578125,2736.24560546875
-168.0996551513672,-11.1556978225708,-264.08984375,2740.21337890625
-170.20278930664062,-11.271796226501465,-261.44091796875,2743.4140625
-172.427734375,-11.403072357177734,-258.4510803222656,2746.91943359375
-174.7156219482422,-11.55032730102539,-255.11294555664062,2750.67431640625
-176.71775817871094,-11.689596176147461,-251.9129180908203,2754.14208984375
-178.46395874023438,-11.826171875,-248.8596954345703,2757.35302734375
-180.2391357421875,-11.979984283447266,-245.42742919921875,2760.87109375
-181.99598693847656,-12.164910316467285,-241.61219787597656,2764.69677734375
-183.461181640625,-12.343649864196777,-237.9798126220703,2768.27978515625
-184.75474548339844,-12.525588035583496,-234.2830047607422,2771.89111328125
-185.85662841796875,-12.710806846618652,-230.5660858154297,2775.57958984375
-186.8362579345703,-12.91899585723877,-226.5345001220703,2779.46240234375
-187.51620483398438,-13.106639862060547,-223.04066467285156,2782.74169921875
-188.10284423828125,-13.318437576293945,-219.1707000732422,2786.30908203125
-188.52752685546875,-13.538383483886719,-215.215576171875,2789.90673828125
-188.78289794921875,-13.763978958129883,-211.160888671875,2793.5693359375
-188.85183715820312,-14.029637336730957,-206.7238006591797,2797.57568359375
-188.71360778808594,-14.267792701721191,-202.81532287597656,2801.1279296875
-188.3140411376953,-14.550832748413086,-198.27505493164062,2805.38134765625
-187.71044921875,-14.828924179077148,-194.03744506835938,2809.37939453125
-186.87600708007812,-15.11442756652832,-189.82391357421875,2813.33544921875
-185.73233032226562,-15.426239013671875,-185.3305206298828,2817.5654296875
-184.55711364746094,-15.694772720336914,-181.5047607421875,2821.2001953125
-183.0645751953125,-16.005151748657227,-177.35311889648438,2825.20849609375
-181.10940551757812,-16.37751007080078,-172.68658447265625,2829.830078125
-179.36769104003906,-16.68528938293457,-169.03163146972656,2833.65625
-177.3123321533203,-17.030513763427734,-165.10423278808594,2838.02001953125
-175.1114044189453,-17.390445709228516,-161.16998291015625,2842.45361328125
-172.7988739013672,-17.77466583251953,-157.17710876464844,2846.9912109375
-170.40943908691406,-18.183177947998047,-153.11244201660156,2851.63037109375
-167.56651306152344,-18.681272506713867,-148.3636474609375,2857.07958984375
-165.2890625,-19.08176612854004,-144.56192016601562,2861.44775390625
-162.8008575439453,-19.519031524658203,-140.39942932128906,2866.27001953125
-160.08021545410156,-19.992935180664062,-135.880859375,2871.56396484375
-157.5489501953125,-20.436687469482422,-131.67422485351562,2876.4912109375
-154.8455810546875,-20.90983772277832,-127.1676254272461,2881.765625
-152.52415466308594,-21.312992095947266,-123.27978515625,2886.31005859375
-149.82623291015625,-21.779579162597656,-118.74095916748047,2891.60986328125
-147.3089141845703,-22.209421157836914,-114.4931411743164,2896.5654296875
-144.80276489257812,-22.627830505371094,-110.26630401611328,2901.49755859375
-142.1350860595703,-23.061511993408203,-105.78751373291016,2906.7294921875
-139.8386993408203,-23.422208786010742,-101.94178009033203,2911.22509765625
-137.18637084960938,-23.82709312438965,-97.51768493652344,2916.40185546875
-134.91372680664062,-24.17029571533203,-93.73875427246094,2920.82470703125
-132.2407684326172,-24.560630798339844,-89.28185272216797,2926.03466796875
-129.96681213378906,-24.887975692749023,-85.47998809814453,2930.47607421875
-127.37979125976562,-25.257152557373047,-81.11083221435547,2935.56591796875
-124.99427795410156,-25.609539031982422,-77.04629516601562,2940.29052734375
-122.62113189697266,-25.929288864135742,-72.97624969482422,2945.01318359375
-120.2447738647461,-26.213924407958984,-68.92747497558594,2949.7197265625
-117.65143585205078,-26.504154205322266,-64.5411605834961,2954.82763671875
-115.24828338623047,-26.757938385009766,-60.50429153442383,2959.53759765625
-112.8414077758789,-27.00251007080078,-56.49048614501953,2964.2294921875
-110.38738250732422,-27.2432804107666,-52.45970153808594,2968.9599609375
-107.89155578613281,-27.46933937072754,-48.40088653564453,2973.5595703125
-105.213134765625,-27.707298278808594,-44.07921600341797,2978.3935546875
-102.73069763183594,-27.912418365478516,-40.05681610107422,2982.87109375
-100.0187759399414,-28.10857391357422,-35.75045394897461,2987.67919921875
-97.38599395751953,-28.281238555908203,-31.848682403564453,2992.12939453125
-94.59855651855469,-28.44144630432129,-28.163433074951172,2996.52197265625
-91.56995391845703,-28.597997665405273,-24.807355880737305,3000.83447265625
-88.31507873535156,-28.74476432800293,-21.811357498168945,3004.28564453125
-84.98268127441406,-28.882488250732422,-19.035181045532227,3007.86376953125
-81.0473861694336,-29.0225772857666,-16.014623641967773,3012.10009765625
-77.79656982421875,-29.1258544921875,-13.778958320617676,3015.6474609375
-73.94573211669922,-29.246753692626953,-11.393269538879395,3019.998046875
-70.34536743164062,-29.348665237426758,-9.376569747924805,3024.92431640625
-66.71157836914062,-29.448047637939453,-7.5275492668151855,3028.70263671875
-62.9589729309082,-29.541797637939453,-5.84238862991333,3032.55908203125
-59.16960525512695,-29.620771408081055,-4.389485836029053,3036.267578125
-55.346923828125,-29.689693450927734,-3.1429073810577393,3039.84716796875
-51.46678924560547,-29.748258590698242,-2.078249931335449,3043.49072265625
-47.5825080871582,-29.798995971679688,-1.2135182619094849,3047.1455078125
-43.43128967285156,-29.845853805541992,-0.5008792281150818,3051.05615234375
-39.25567626953125,-29.894166946411133,0.014497902244329453,3054.9794921875
-35.32838439941406,-29.93148422241211,0.32749080657958984,3058.63916015625
-31.393342971801758,-29.960716247558594,0.47173523902893066,3062.32373046875
-27.45281410217285,-29.97998809814453,0.44278183579444885,3065.96435546875
-23.469228744506836,-29.99074363708496,0.24080488085746765,3069.73388671875
-19.43633460998535,-29.995145797729492,-0.13033388555049896,3073.42724609375
-15.354484558105469,-29.977489471435547,-0.6773667335510254,3077.16552734375
-10.557358741760254,-29.948362350463867,-1.5589616298675537,3081.58740234375
-6.659376621246338,-29.914213180541992,-2.493544578552246,3085.17822265625
-2.3834593296051025,-29.871152877807617,-3.7434113025665283,3089.33056640625
1.9153233766555786,-29.829660415649414,-5.264834403991699,3093.66748046875
6.126896858215332,-29.784168243408203,-7.04063081741333,3097.89501953125
10.522652626037598,-29.726001739501953,-9.215095520019531,3102.35791015625
14.384498596191406,-29.654613494873047,-11.437384605407715,3106.37353515625
18.058452606201172,-29.580825805664062,-13.85167121887207,3110.32373046875
21.893442153930664,-29.50730323791504,-16.70775032043457,3114.54736328125
25.31577491760254,-29.443273544311523,-19.54505157470703,3118.69091796875
28.59998893737793,-29.370634078979492,-22.551509857177734,3122.89013671875
31.77622413635254,-29.286727905273438,-25.75434684753418,3127.23779296875
34.79693603515625,-29.19601058959961,-29.123489379882812,3131.47314453125
37.671142578125,-29.107620239257812,-32.67042541503906,3135.56787109375
40.4628791809082,-29.024160385131836,-36.44475173950195,3139.94482421875
43.669464111328125,-28.91360092163086,-41.10407638549805,3145.25634765625
46.28103256225586,-28.821090698242188,-44.9713249206543,3149.85205078125
49.1859016418457,-28.71971893310547,-49.15744400024414,3155.16943359375
52.2088737487793,-28.62213706970215,-53.19336700439453,3160.41943359375
55.368919372558594,-28.525074005126953,-57.033504486083984,3165.5927734375
58.660728454589844,-28.42621421813965,-60.76483917236328,3170.77490234375
62.35142517089844,-28.315166473388672,-64.64872741699219,3176.37255859375
66.17950439453125,-28.197391510009766,-68.50518035888672,3182.06201171875
69.85858154296875,-28.094167709350586,-72.0621109008789,3187.40576171875
73.59796905517578,-28.002010345458984,-75.5218276977539,3192.71826171875
77.07462310791016,-27.930044174194336,-78.58805847167969,3197.55322265625
80.86273193359375,-27.863279342651367,-81.77397918701172,3202.72412109375
84.97345733642578,-27.794748306274414,-85.05428314208984,3208.232421875
89.1409683227539,-27.732290267944336,-88.18812561035156,3213.6796875
92.81127166748047,-27.692785263061523,-90.80435180664062,3218.37744140625
97.24434661865234,-27.650741577148438,-93.79266357421875,3223.9453125
101.17687225341797,-27.60446548461914,-96.27215576171875,3228.79052734375
105.50920867919922,-27.543651580810547,-98.80589294433594,3234.03515625
109.91413879394531,-27.492046356201172,-101.1832275390625,3239.28369140625
114.80138397216797,-27.45305824279785,-103.62255096435547,3244.98486328125
119.10546112060547,-27.432044982910156,-105.61830139160156,3249.923828125
123.8691177368164,-27.411884307861328,-107.66959381103516,3255.31787109375
128.64794921875,-27.39592170715332,-109.57170867919922,3260.67041015625
133.75048828125,-27.395631790161133,-111.44684600830078,3266.34033203125
138.51171875,-27.406532287597656,-113.0495376586914,3271.58837890625
143.35214233398438,-27.396137237548828,-114.53914642333984,3276.857421875
148.25924682617188,-27.37710189819336,-115.90959930419922,3282.15576171875
153.21307373046875,-27.354768753051758,-117.16311645507812,3287.474609375
158.20350646972656,-27.32301902770996,-118.28802490234375,3292.74560546875
163.61752319335938,-27.285770416259766,-119.341552734375,3298.58984375
168.29385375976562,-27.245628356933594,-120.10120391845703,3303.478515625
173.42601013183594,-27.18587303161621,-120.77651977539062,3308.80810546875
179.0477752685547,-27.104642868041992,-121.31790161132812,3314.62646484375
184.35328674316406,-27.017578125,-121.66804504394531,3320.11572265625
189.3309326171875,-26.919506072998047,-121.87718963623047,3325.2744140625
194.7623291015625,-26.807371139526367,-122.03913116455078,3330.82861328125
200.652587890625,-26.679704666137695,-122.22175598144531,3336.73193359375
206.15753173828125,-26.547405242919922,-122.43012237548828,3342.25146484375
211.69271850585938,-26.40481948852539,-122.68633270263672,3347.802734375
217.25718688964844,-26.253976821899414,-122.97660827636719,3353.38525390625
222.84803771972656,-26.099746704101562,-123.2666244506836,3358.99365234375
228.45278930664062,-25.941272735595703,-123.5473861694336,3364.6162109375
233.96759033203125,-25.78833770751953,-123.79305267333984,3370.14697265625
239.834716796875,-25.606855392456055,-124.0229263305664,3376.02978515625
245.34107971191406,-25.40123176574707,-124.23304748535156,3381.54443359375
250.8416290283203,-25.18083953857422,-124.43555450439453,3387.05029296875
256.2515563964844,-24.932466506958008,-124.6482162475586,3392.46630859375
261.58453369140625,-24.668621063232422,-124.89083862304688,3397.806640625
266.8406982421875,-24.414548873901367,-125.156982421875,3403.07080078125
272.0254211425781,-24.171367645263672,-125.43689727783203,3408.2646484375
277.5163879394531,-23.916275024414062,-125.73271179199219,3413.76513671875
282.1515197753906,-23.699241638183594,-125.96356964111328,3418.4072265625
287.4949035644531,-23.452796936035156,-126.18924713134766,3423.75732421875
292.4203796386719,-23.21595001220703,-126.3672103881836,3428.68798828125
297.3152160644531,-22.984668731689453,-126.53971099853516,3433.58837890625
302.5295715332031,-22.74176025390625,-126.72718048095703,3438.80712890625
306.9769287109375,-22.54059600830078,-126.89094543457031,3443.25732421875
311.77899169921875,-22.330087661743164,-127.07540130615234,3448.06298828125
316.5579528808594,-22.12593650817871,-127.2679214477539,3452.845703125
321.312744140625,-21.926734924316406,-127.46692657470703,3457.60498046875
326.41912841796875,-21.719451904296875,-127.68746185302734,3462.7158203125
331.15692138671875,-21.536266326904297,-127.89743041992188,3467.45849609375
335.89703369140625,-21.368061065673828,-128.11180114746094,3472.20361328125
340.6464538574219,-21.217395782470703,-128.33197021484375,3476.9580078125
345.4065856933594,-21.07094955444336,-128.5572509765625,3481.72412109375
350.54644775390625,-20.92081069946289,-128.80409240722656,3486.86962890625
355.3587646484375,-20.78542137145996,-129.0420379638672,3491.6884765625
359.84893798828125,-20.65079689025879,-129.26165771484375,3496.18408203125
365.48992919921875,-20.488540649414062,-129.5237274169922,3501.83349609375
370.0191955566406,-20.371971130371094,-129.7151336669922,3506.36865234375
374.94476318359375,-20.250864028930664,-129.89723205566406,3511.29931640625
379.8921203613281,-20.13750457763672,-130.05926513671875,3516.25048828125
385.25555419921875,-20.017597198486328,-130.2327423095703,3521.61865234375
389.88323974609375,-19.919876098632812,-130.40184020996094,3526.25146484375
395.3191833496094,-19.800678253173828,-130.6217803955078,3531.69384765625
400.3821105957031,-19.697521209716797,-130.8319549560547,3536.7626953125
405.43463134765625,-19.595619201660156,-131.03109741210938,3541.82080078125
410.47174072265625,-19.49991226196289,-131.22048950195312,3546.86376953125
415.5068359375,-19.40312385559082,-131.3995361328125,3551.90380859375
420.5489501953125,-19.31552505493164,-131.58114624023438,3556.9501953125
425.5877990722656,-19.243383407592773,-131.77377319335938,3561.99365234375
430.55596923828125,-19.167247772216797,-131.97242736816406,3566.966796875
435.7731018066406,-19.11628532409668,-132.18495178222656,3572.189453125
440.2159423828125,-19.091171264648438,-132.36831665039062,3576.63720703125
445.4251708984375,-19.054319381713867,-132.57833862304688,3581.8515625
450.2892150878906,-19.019731521606445,-132.7672882080078,3586.72021484375
455.175048828125,-19.005325317382812,-132.95677185058594,3591.61083984375
460.0077819824219,-18.994518280029297,-133.1406707763672,3596.44775390625
464.7313537597656,-18.970212936401367,-133.3250732421875,3601.17626953125
469.36004638671875,-18.96120834350586,-133.52268981933594,3605.81005859375
474.31146240234375,-18.950624465942383,-133.73983764648438,3610.76708984375
478.9267578125,-18.949432373046875,-133.9341278076172,3615.38720703125
483.585205078125,-18.95176887512207,-134.13352966308594,3620.05029296875
488.2905578613281,-18.968307495117188,-134.34938049316406,3624.76123046875
493.0454406738281,-18.99579620361328,-134.5774688720703,3629.5224609375
497.8247375488281,-19.015300750732422,-134.81089782714844,3634.30810546875
502.9177551269531,-19.057851791381836,-135.06507873535156,3639.40771484375
507.6238098144531,-19.10220718383789,-135.29248046875,3644.11962890625
512.335205078125,-19.14095687866211,-135.50213623046875,3648.83642578125
517.0122680664062,-19.192121505737305,-135.67625427246094,3653.517578125
521.9718017578125,-19.255388259887695,-135.8782196044922,3658.48193359375
526.1665649414062,-19.308090209960938,-136.01907348632812,3662.6796875
531.0303955078125,-19.372638702392578,-136.17718505859375,3667.546875
535.5504150390625,-19.436927795410156,-136.30911254882812,3672.06982421875
540.4345703125,-19.514341354370117,-136.4569854736328,3676.95703125
544.5874633789062,-19.572158813476562,-136.5992431640625,3681.11328125
549.3632202148438,-19.646072387695312,-136.78330993652344,3685.8935546875
553.3974609375,-19.711530685424805,-136.95346069335938,3689.93212890625
558.0305786132812,-19.791889190673828,-137.1658935546875,3694.5712890625
562.2705078125,-19.868799209594727,-137.37132263183594,3698.81689453125
566.4915771484375,-19.949195861816406,-137.58419799804688,3703.0439453125
571.0604248046875,-20.044187545776367,-137.81971740722656,3707.61962890625
575.312255859375,-20.135231018066406,-138.03565979003906,3711.876953125
579.518798828125,-20.23387336730957,-138.24234008789062,3716.0869140625